RES1 , idRES1 , RES2 , idRES2 , dist(Angstrom)
SER  , 5      , ASN  , 6      , 003.68
SER  , 5      , LEU  , 9      , 003.87
SER  , 5      , ASN  , 406    , 003.60
ASN  , 6      , MET  , 7      , 003.53
ASN  , 6      , LEU  , 8      , 003.92
ASN  , 6      , LEU  , 9      , 003.75
ASN  , 6      , ASN  , 10     , 003.66
MET  , 7      , LEU  , 8      , 002.64
MET  , 7      , LEU  , 9      , 003.26
MET  , 7      , ASN  , 10     , 003.65
MET  , 7      , TYR  , 11     , 003.91
MET  , 7      , VAL  , 403    , 003.25
MET  , 7      , ALA  , 443    , 003.89
MET  , 7      , GLN  , 445    , 003.94
MET  , 7      , MET  , 491    , 003.90
LEU  , 8      , LEU  , 9      , 002.82
LEU  , 8      , ASN  , 10     , 002.99
LEU  , 8      , TYR  , 11     , 003.74
LEU  , 8      , GLN  , 445    , 003.83
LEU  , 8      , TYR  , 454    , 003.38
LEU  , 9      , ASN  , 10     , 002.68
LEU  , 9      , TYR  , 11     , 003.41
LEU  , 9      , PRO  , 408    , 003.82
LEU  , 9      , PRO  , 409    , 003.69
ASN  , 10     , TYR  , 11     , 002.80
ASN  , 10     , VAL  , 12     , 003.90
ASN  , 10     , LYS  , 399    , 003.69
ASN  , 10     , VAL  , 403    , 003.93
ASN  , 10     , ASN  , 404    , 003.87
ASN  , 10     , GLY  , 407    , 003.89
ASN  , 10     , PRO  , 409    , 003.96
ASN  , 10     , ALA  , 443    , 003.73
TYR  , 11     , VAL  , 12     , 003.52
TYR  , 11     , PRO  , 13     , 003.97
TYR  , 11     , ASP  , 48     , 003.44
TYR  , 11     , HIS  , 442    , 003.95
TYR  , 11     , ASP  , 446    , 003.73
TYR  , 11     , TYR  , 447    , 003.54
TYR  , 11     , CYS  , 448    , 003.88
TYR  , 11     , TYR  , 454    , 003.91
VAL  , 12     , PRO  , 13     , 003.37
VAL  , 12     , VAL  , 14     , 003.75
VAL  , 12     , MET  , 413    , 003.42
VAL  , 12     , MET  , 441    , 003.15
VAL  , 12     , HIS  , 442    , 003.54
PRO  , 13     , VAL  , 14     , 003.64
PRO  , 13     , TYR  , 15     , 003.96
PRO  , 13     , ASP  , 48     , 003.50
PRO  , 13     , PHE  , 414    , 003.36
PRO  , 13     , GLY  , 415    , 003.52
PRO  , 13     , VAL  , 416    , 003.17
PRO  , 13     , TYR  , 454    , 003.84
PRO  , 13     , HIS  , 456    , 003.77
VAL  , 14     , TYR  , 15     , 003.52
VAL  , 14     , VAL  , 47     , 003.97
VAL  , 14     , ASP  , 48     , 003.88
VAL  , 14     , GLY  , 49     , 003.56
VAL  , 14     , VAL  , 416    , 003.47
VAL  , 14     , PHE  , 437    , 003.91
VAL  , 14     , MET  , 441    , 003.47
TYR  , 15     , VAL  , 16     , 003.65
TYR  , 15     , GLY  , 49     , 003.89
TYR  , 15     , THR  , 85     , 003.74
TYR  , 15     , GLN  , 87     , 003.38
TYR  , 15     , VAL  , 416    , 002.97
TYR  , 15     , THR  , 417    , 003.38
TYR  , 15     , TYR  , 418    , 003.94
VAL  , 16     , MET  , 17     , 003.45
VAL  , 16     , LEU  , 18     , 003.82
VAL  , 16     , VAL  , 47     , 003.59
VAL  , 16     , GLY  , 49     , 003.99
VAL  , 16     , VAL  , 50     , 003.83
VAL  , 16     , MET  , 51     , 003.88
VAL  , 16     , TYR  , 418    , 003.65
VAL  , 16     , LEU  , 421    , 003.80
VAL  , 16     , PHE  , 434    , 003.82
MET  , 17     , LEU  , 18     , 003.46
MET  , 17     , MET  , 51     , 003.58
MET  , 17     , GLU  , 380    , 003.67
MET  , 17     , THR  , 417    , 003.57
MET  , 17     , TYR  , 418    , 003.01
MET  , 17     , LEU  , 419    , 003.99
MET  , 17     , ARG  , 420    , 003.46
MET  , 17     , LEU  , 421    , 002.82
LEU  , 18     , PRO  , 19     , 003.71
LEU  , 18     , LEU  , 20     , 003.96
LEU  , 18     , LEU  , 39     , 003.75
LEU  , 18     , VAL  , 50     , 004.00
LEU  , 18     , MET  , 51     , 003.09
LEU  , 18     , ARG  , 420    , 003.78
PRO  , 19     , LEU  , 20     , 003.57
PRO  , 19     , GLY  , 21     , 003.91
PRO  , 19     , VAL  , 22     , 003.41
PRO  , 19     , LEU  , 421    , 003.64
LEU  , 20     , GLY  , 21     , 003.55
LEU  , 20     , VAL  , 22     , 003.34
LEU  , 20     , CYS  , 95     , 003.91
LEU  , 20     , ILE  , 102    , 003.67
LEU  , 20     , VAL  , 103    , 003.90
LEU  , 20     , ARG  , 420    , 003.92
GLY  , 21     , VAL  , 22     , 002.98
GLY  , 21     , VAL  , 23     , 003.62
GLY  , 21     , ASN  , 24     , 003.67
VAL  , 22     , VAL  , 23     , 002.89
VAL  , 22     , PHE  , 29     , 003.91
VAL  , 22     , GLU  , 30     , 003.75
VAL  , 22     , LEU  , 35     , 003.84
VAL  , 22     , LEU  , 75     , 003.93
VAL  , 23     , ASN  , 24     , 003.44
VAL  , 23     , VAL  , 28     , 003.28
VAL  , 23     , ILE  , 58     , 003.73
VAL  , 23     , TYR  , 72     , 003.83
ASN  , 24     , VAL  , 25     , 003.65
ASN  , 24     , ASP  , 26     , 003.08
ASN  , 24     , ASN  , 27     , 003.64
ASN  , 24     , VAL  , 28     , 003.06
ASN  , 24     , GLU  , 30     , 003.19
ASN  , 24     , ILE  , 58     , 003.87
VAL  , 25     , ASP  , 26     , 002.67
VAL  , 25     , ASN  , 27     , 003.18
VAL  , 25     , ASN  , 104    , 003.47
VAL  , 25     , ILE  , 105    , 003.87
ASP  , 26     , ASN  , 27     , 002.70
ASP  , 26     , VAL  , 28     , 003.40
ASN  , 27     , VAL  , 28     , 002.88
ASN  , 27     , ILE  , 58     , 003.85
ASN  , 27     , ASP  , 68     , 003.99
ASN  , 27     , ALA  , 71     , 003.70
VAL  , 28     , PHE  , 29     , 003.50
VAL  , 28     , GLU  , 30     , 003.38
PHE  , 29     , GLU  , 30     , 003.14
PHE  , 29     , ASP  , 31     , 003.45
PHE  , 29     , PRO  , 32     , 003.74
PHE  , 29     , LEU  , 35     , 003.78
PHE  , 29     , ALA  , 71     , 003.88
PHE  , 29     , LEU  , 75     , 003.87
PHE  , 29     , LEU  , 78     , 003.91
GLU  , 30     , ASP  , 31     , 003.00
GLU  , 30     , PRO  , 32     , 003.71
ASP  , 31     , PRO  , 32     , 003.02
ASP  , 31     , ASP  , 33     , 003.17
ASP  , 31     , GLY  , 34     , 003.39
ASP  , 31     , LEU  , 35     , 003.20
PRO  , 32     , ASP  , 33     , 002.80
PRO  , 32     , GLY  , 34     , 003.39
PRO  , 32     , LEU  , 35     , 003.62
PRO  , 32     , LYS  , 36     , 003.97
PRO  , 32     , LEU  , 78     , 003.51
ASP  , 33     , GLY  , 34     , 002.78
ASP  , 33     , LEU  , 35     , 003.46
ASP  , 33     , LYS  , 36     , 003.78
ASP  , 33     , GLU  , 37     , 003.20
GLY  , 34     , LEU  , 35     , 002.83
GLY  , 34     , LYS  , 36     , 003.20
GLY  , 34     , GLU  , 37     , 003.88
GLY  , 34     , GLN  , 38     , 003.27
LEU  , 35     , LYS  , 36     , 002.78
LEU  , 35     , GLU  , 37     , 003.33
LEU  , 35     , GLN  , 38     , 003.71
LEU  , 35     , LEU  , 39     , 002.80
LEU  , 35     , LEU  , 75     , 003.63
LYS  , 36     , GLU  , 37     , 002.94
LYS  , 36     , GLN  , 38     , 003.21
LYS  , 36     , LEU  , 39     , 003.87
LYS  , 36     , LEU  , 40     , 003.09
LYS  , 36     , LEU  , 78     , 003.95
GLU  , 37     , GLN  , 38     , 002.79
GLU  , 37     , LEU  , 39     , 003.39
GLU  , 37     , LEU  , 40     , 003.94
GLU  , 37     , GLN  , 41     , 003.19
GLN  , 38     , LEU  , 39     , 002.80
GLN  , 38     , LEU  , 40     , 003.29
GLN  , 38     , GLN  , 41     , 003.75
GLN  , 38     , LEU  , 42     , 003.09
GLN  , 38     , LEU  , 421    , 003.92
GLN  , 38     , ASP  , 423    , 003.58
GLN  , 38     , LEU  , 426    , 003.66
LEU  , 39     , LEU  , 40     , 002.77
LEU  , 39     , GLN  , 41     , 003.35
LEU  , 39     , LEU  , 42     , 003.76
LEU  , 39     , ARG  , 43     , 002.98
LEU  , 39     , CYS  , 82     , 003.82
LEU  , 39     , LEU  , 84     , 003.78
LEU  , 40     , GLN  , 41     , 002.79
LEU  , 40     , LEU  , 42     , 003.33
LEU  , 40     , ARG  , 43     , 003.84
LEU  , 40     , ALA  , 44     , 003.11
LEU  , 40     , CYS  , 82     , 003.85
GLN  , 41     , LEU  , 42     , 002.82
GLN  , 41     , ARG  , 43     , 003.39
GLN  , 41     , ALA  , 44     , 003.83
GLN  , 41     , ALA  , 45     , 003.23
GLN  , 41     , PHE  , 431    , 004.00
LEU  , 42     , ARG  , 43     , 002.82
LEU  , 42     , ALA  , 44     , 003.33
LEU  , 42     , ALA  , 45     , 003.86
LEU  , 42     , GLY  , 46     , 003.40
LEU  , 42     , VAL  , 47     , 003.28
LEU  , 42     , LEU  , 421    , 003.78
ARG  , 43     , ALA  , 44     , 002.87
ARG  , 43     , ALA  , 45     , 003.31
ARG  , 43     , GLY  , 46     , 003.96
ARG  , 43     , VAL  , 47     , 003.37
ARG  , 43     , CYS  , 82     , 003.56
ARG  , 43     , GLY  , 83     , 003.60
ARG  , 43     , LEU  , 84     , 003.88
ARG  , 43     , TYR  , 447    , 003.82
ALA  , 44     , ALA  , 45     , 002.78
ALA  , 44     , GLY  , 46     , 003.29
ALA  , 45     , GLY  , 46     , 002.78
ALA  , 45     , VAL  , 47     , 003.60
ALA  , 45     , PHE  , 431    , 003.61
ALA  , 45     , VAL  , 438    , 003.78
GLY  , 46     , VAL  , 47     , 002.74
GLY  , 46     , ASP  , 48     , 003.87
GLY  , 46     , VAL  , 438    , 003.80
GLY  , 46     , HIS  , 442    , 003.85
GLY  , 46     , TYR  , 447    , 003.83
VAL  , 47     , ASP  , 48     , 003.45
VAL  , 47     , GLY  , 49     , 003.43
VAL  , 47     , LEU  , 84     , 003.26
VAL  , 47     , PHE  , 434    , 003.63
ASP  , 48     , GLY  , 49     , 002.84
ASP  , 48     , THR  , 85     , 003.77
ASP  , 48     , HIS  , 442    , 003.75
ASP  , 48     , TYR  , 447    , 003.86
ASP  , 48     , TYR  , 454    , 003.84
GLY  , 49     , VAL  , 50     , 003.64
GLY  , 49     , LEU  , 84     , 003.94
GLY  , 49     , THR  , 85     , 003.67
VAL  , 50     , MET  , 51     , 003.65
VAL  , 50     , VAL  , 79     , 003.81
VAL  , 50     , THR  , 85     , 002.95
VAL  , 50     , LEU  , 86     , 003.28
VAL  , 50     , GLN  , 87     , 003.96
MET  , 51     , VAL  , 52     , 003.50
MET  , 51     , GLN  , 87     , 003.48
MET  , 51     , ILE  , 89     , 003.97
MET  , 51     , GLU  , 178    , 003.64
MET  , 51     , LYS  , 295    , 003.58
MET  , 51     , GLU  , 380    , 003.79
MET  , 51     , THR  , 417    , 003.75
VAL  , 52     , ASP  , 53     , 003.57
VAL  , 52     , VAL  , 54     , 004.00
VAL  , 52     , LEU  , 75     , 003.90
VAL  , 52     , PHE  , 76     , 003.94
VAL  , 52     , LEU  , 86     , 003.79
VAL  , 52     , GLN  , 87     , 003.21
VAL  , 52     , ALA  , 88     , 003.87
VAL  , 52     , ILE  , 89     , 003.08
ASP  , 53     , VAL  , 54     , 003.57
ASP  , 53     , TRP  , 55     , 003.51
ASP  , 53     , TYR  , 72     , 003.72
ASP  , 53     , ILE  , 89     , 003.91
ASP  , 53     , SER  , 91     , 003.63
VAL  , 54     , TRP  , 55     , 003.01
VAL  , 54     , TRP  , 56     , 003.81
VAL  , 54     , ILE  , 59     , 003.51
VAL  , 54     , TRP  , 69     , 003.83
VAL  , 54     , TYR  , 72     , 003.91
VAL  , 54     , ILE  , 89     , 002.92
VAL  , 54     , SER  , 91     , 003.80
VAL  , 54     , TYR  , 157    , 003.29
TRP  , 55     , TRP  , 56     , 003.48
TRP  , 55     , GLY  , 57     , 003.10
TRP  , 55     , ILE  , 58     , 003.99
TRP  , 55     , ILE  , 59     , 003.33
TRP  , 55     , TYR  , 72     , 003.54
TRP  , 55     , SER  , 91     , 003.84
TRP  , 55     , HIS  , 93     , 003.35
TRP  , 55     , CYS  , 95     , 003.68
TRP  , 55     , ILE  , 105    , 003.67
TRP  , 55     , TYR  , 157    , 003.95
TRP  , 56     , GLY  , 57     , 002.77
TRP  , 56     , ILE  , 58     , 003.38
TRP  , 56     , ILE  , 59     , 003.97
TRP  , 56     , GLU  , 60     , 002.95
TRP  , 56     , SER  , 91     , 003.00
TRP  , 56     , PHE  , 92     , 003.95
TRP  , 56     , ILE  , 107    , 003.98
TRP  , 56     , PRO  , 108    , 003.70
TRP  , 56     , VAL  , 111    , 003.89
TRP  , 56     , LEU  , 135    , 003.84
TRP  , 56     , ILE  , 153    , 003.70
TRP  , 56     , TYR  , 157    , 003.41
GLY  , 57     , ILE  , 58     , 002.83
GLY  , 57     , ILE  , 59     , 003.66
GLY  , 57     , LEU  , 61     , 003.94
GLY  , 57     , PRO  , 106    , 003.45
GLY  , 57     , PRO  , 108    , 003.96
ILE  , 58     , ILE  , 59     , 002.87
ILE  , 58     , GLU  , 60     , 003.62
ILE  , 58     , LEU  , 61     , 003.61
ILE  , 58     , ILE  , 105    , 003.76
ILE  , 59     , GLU  , 60     , 002.96
ILE  , 59     , LEU  , 61     , 003.34
ILE  , 59     , GLN  , 66     , 003.94
ILE  , 59     , TYR  , 67     , 003.28
ILE  , 59     , ASP  , 68     , 003.27
ILE  , 59     , TRP  , 69     , 003.99
ILE  , 59     , TYR  , 72     , 003.54
ILE  , 59     , TYR  , 157    , 003.79
GLU  , 60     , LEU  , 61     , 002.74
GLU  , 60     , LYS  , 62     , 003.60
GLU  , 60     , GLY  , 63     , 003.80
GLU  , 60     , PRO  , 64     , 003.79
GLU  , 60     , LYS  , 65     , 003.83
GLU  , 60     , GLN  , 66     , 003.57
GLU  , 60     , TYR  , 67     , 003.99
GLU  , 60     , PRO  , 108    , 003.77
GLU  , 60     , TRP  , 110    , 003.98
GLU  , 60     , ARG  , 148    , 003.96
GLU  , 60     , ILE  , 153    , 003.88
LEU  , 61     , LYS  , 62     , 003.00
LEU  , 61     , GLY  , 63     , 003.32
LEU  , 61     , TRP  , 110    , 003.35
LYS  , 62     , GLY  , 63     , 002.93
GLY  , 63     , PRO  , 64     , 003.66
GLY  , 63     , LYS  , 65     , 003.72
GLY  , 63     , GLN  , 66     , 003.73
GLY  , 63     , TRP  , 110    , 003.64
PRO  , 64     , LYS  , 65     , 003.40
PRO  , 64     , GLN  , 66     , 003.14
PRO  , 64     , TRP  , 110    , 003.97
PRO  , 64     , HIS  , 146    , 003.82
PRO  , 64     , ARG  , 148    , 003.77
LYS  , 65     , GLN  , 66     , 002.82
LYS  , 65     , TYR  , 67     , 003.84
LYS  , 65     , ARG  , 148    , 003.76
LYS  , 65     , ASP  , 156    , 003.94
GLN  , 66     , TYR  , 67     , 003.07
GLN  , 66     , ASP  , 68     , 003.99
TYR  , 67     , ASP  , 68     , 003.57
TYR  , 67     , TRP  , 69     , 003.46
TYR  , 67     , ASP  , 156    , 003.45
TYR  , 67     , TYR  , 157    , 003.55
TYR  , 67     , SER  , 160    , 003.74
ASP  , 68     , TRP  , 69     , 003.26
ASP  , 68     , ARG  , 70     , 003.43
TRP  , 69     , ARG  , 70     , 002.71
TRP  , 69     , ALA  , 71     , 003.62
TRP  , 69     , TYR  , 72     , 003.35
TRP  , 69     , ARG  , 73     , 002.93
TRP  , 69     , TYR  , 157    , 003.98
TRP  , 69     , SER  , 160    , 003.90
TRP  , 69     , PHE  , 161    , 003.58
TRP  , 69     , ASN  , 164    , 003.60
TRP  , 69     , MET  , 165    , 003.82
ARG  , 70     , ALA  , 71     , 003.12
ARG  , 70     , TYR  , 72     , 003.34
ARG  , 70     , ARG  , 73     , 003.82
ARG  , 70     , SER  , 74     , 003.26
ALA  , 71     , TYR  , 72     , 002.94
ALA  , 71     , ARG  , 73     , 003.41
ALA  , 71     , SER  , 74     , 003.94
ALA  , 71     , LEU  , 75     , 003.21
TYR  , 72     , ARG  , 73     , 002.95
TYR  , 72     , SER  , 74     , 003.29
TYR  , 72     , LEU  , 75     , 003.74
TYR  , 72     , PHE  , 76     , 002.91
ARG  , 73     , SER  , 74     , 002.89
ARG  , 73     , LEU  , 75     , 003.28
ARG  , 73     , PHE  , 76     , 003.89
ARG  , 73     , GLN  , 77     , 002.89
ARG  , 73     , ASN  , 164    , 003.36
ARG  , 73     , MET  , 165    , 003.96
ARG  , 73     , ASP  , 167    , 003.68
ARG  , 73     , PHE  , 168    , 003.73
SER  , 74     , LEU  , 75     , 002.84
SER  , 74     , PHE  , 76     , 003.43
SER  , 74     , GLN  , 77     , 003.98
SER  , 74     , LEU  , 78     , 003.05
LEU  , 75     , PHE  , 76     , 002.83
LEU  , 75     , GLN  , 77     , 003.17
LEU  , 75     , LEU  , 78     , 003.89
LEU  , 75     , VAL  , 79     , 003.10
PHE  , 76     , GLN  , 77     , 002.72
PHE  , 76     , LEU  , 78     , 003.42
PHE  , 76     , VAL  , 79     , 003.86
PHE  , 76     , GLN  , 80     , 003.08
PHE  , 76     , PHE  , 161    , 003.85
PHE  , 76     , MET  , 165    , 003.67
PHE  , 76     , LEU  , 173    , 003.46
GLN  , 77     , LEU  , 78     , 002.85
GLN  , 77     , VAL  , 79     , 003.39
GLN  , 77     , GLN  , 80     , 003.95
GLN  , 77     , GLU  , 81     , 003.07
GLN  , 77     , PHE  , 168    , 003.99
LEU  , 78     , VAL  , 79     , 002.88
LEU  , 78     , GLN  , 80     , 003.30
LEU  , 78     , GLU  , 81     , 003.75
LEU  , 78     , CYS  , 82     , 003.04
VAL  , 79     , GLN  , 80     , 002.79
VAL  , 79     , GLU  , 81     , 003.37
VAL  , 79     , CYS  , 82     , 003.65
VAL  , 79     , GLY  , 83     , 003.35
VAL  , 79     , LEU  , 84     , 003.37
GLN  , 80     , GLU  , 81     , 002.86
GLN  , 80     , CYS  , 82     , 003.24
GLN  , 80     , GLY  , 83     , 003.80
GLN  , 80     , SER  , 171    , 003.90
GLN  , 80     , LEU  , 173    , 003.83
GLU  , 81     , CYS  , 82     , 002.90
GLU  , 81     , GLY  , 83     , 003.15
CYS  , 82     , GLY  , 83     , 002.74
CYS  , 82     , LEU  , 84     , 003.49
GLY  , 83     , LEU  , 84     , 002.89
LEU  , 84     , THR  , 85     , 003.68
LEU  , 84     , LEU  , 173    , 003.23
THR  , 85     , LEU  , 86     , 003.69
THR  , 85     , LEU  , 173    , 003.42
THR  , 85     , ILE  , 175    , 003.81
LEU  , 86     , GLN  , 87     , 003.55
LEU  , 86     , ALA  , 88     , 003.85
LEU  , 86     , LEU  , 173    , 003.96
LEU  , 86     , ILE  , 174    , 003.41
LEU  , 86     , ILE  , 175    , 003.99
LEU  , 86     , ASP  , 176    , 003.72
GLN  , 87     , ALA  , 88     , 003.43
GLN  , 87     , ILE  , 89     , 003.89
GLN  , 87     , ILE  , 175    , 003.80
GLN  , 87     , ASP  , 176    , 003.47
GLN  , 87     , THR  , 417    , 003.71
ALA  , 88     , ILE  , 89     , 003.55
ALA  , 88     , MET  , 90     , 003.97
ALA  , 88     , ASP  , 176    , 002.85
ALA  , 88     , ILE  , 177    , 003.37
ALA  , 88     , GLU  , 178    , 003.90
ILE  , 89     , MET  , 90     , 003.46
ILE  , 89     , SER  , 91     , 003.26
ILE  , 89     , GLU  , 178    , 003.35
ILE  , 89     , LYS  , 295    , 003.61
MET  , 90     , SER  , 91     , 003.03
MET  , 90     , PHE  , 92     , 003.60
MET  , 90     , TYR  , 157    , 003.96
MET  , 90     , MET  , 158    , 003.81
MET  , 90     , PHE  , 161    , 003.96
MET  , 90     , ILE  , 177    , 003.74
MET  , 90     , GLU  , 178    , 002.90
MET  , 90     , GLY  , 180    , 004.00
SER  , 91     , PHE  , 92     , 003.29
SER  , 91     , HIS  , 93     , 003.74
PHE  , 92     , HIS  , 93     , 002.80
PHE  , 92     , ILE  , 107    , 003.95
PHE  , 92     , TYR  , 134    , 003.47
PHE  , 92     , TYR  , 154    , 003.79
PHE  , 92     , TYR  , 157    , 003.80
PHE  , 92     , GLY  , 180    , 003.69
HIS  , 93     , GLN  , 94     , 003.64
HIS  , 93     , CYS  , 95     , 003.83
HIS  , 93     , ILE  , 107    , 003.89
HIS  , 93     , GLU  , 133    , 003.26
HIS  , 93     , GLY  , 182    , 003.65
HIS  , 93     , ALA  , 184    , 003.86
HIS  , 93     , GLY  , 185    , 003.51
GLN  , 94     , CYS  , 95     , 003.51
GLN  , 94     , GLY  , 96     , 003.96
GLN  , 94     , ILE  , 105    , 003.29
GLN  , 94     , PRO  , 106    , 003.93
GLN  , 94     , GLU  , 133    , 004.00
CYS  , 95     , GLY  , 96     , 003.45
CYS  , 95     , GLY  , 97     , 003.78
CYS  , 95     , VAL  , 103    , 003.68
CYS  , 95     , ASN  , 104    , 003.21
CYS  , 95     , ILE  , 105    , 003.94
GLY  , 96     , GLY  , 97     , 003.68
GLY  , 96     , ASN  , 98     , 003.70
GLY  , 96     , ASP  , 101    , 003.72
GLY  , 96     , VAL  , 103    , 003.55
GLY  , 96     , ASN  , 104    , 003.48
GLY  , 97     , ASN  , 98     , 002.98
GLY  , 97     , ASP  , 101    , 003.65
GLY  , 97     , VAL  , 103    , 003.74
GLY  , 97     , ASN  , 104    , 003.94
ASN  , 98     , VAL  , 99     , 003.65
ASN  , 98     , GLY  , 100    , 003.79
ASN  , 98     , ASP  , 101    , 003.89
ASN  , 98     , SER  , 195    , 003.38
VAL  , 99     , GLY  , 100    , 003.51
VAL  , 99     , ASP  , 101    , 003.15
GLY  , 100    , ASP  , 101    , 002.80
GLY  , 100    , ILE  , 102    , 003.80
ASP  , 101    , ILE  , 102    , 003.45
ASP  , 101    , VAL  , 103    , 003.28
ILE  , 102    , VAL  , 103    , 002.85
VAL  , 103    , ASN  , 104    , 003.53
VAL  , 103    , ILE  , 105    , 003.95
ASN  , 104    , ILE  , 105    , 003.31
ASN  , 104    , PRO  , 106    , 003.94
ILE  , 105    , PRO  , 106    , 003.36
PRO  , 106    , ILE  , 107    , 003.63
ILE  , 107    , PRO  , 108    , 003.71
ILE  , 107    , GLN  , 109    , 003.81
ILE  , 107    , VAL  , 111    , 004.00
ILE  , 107    , LEU  , 112    , 003.68
ILE  , 107    , LYS  , 132    , 003.93
ILE  , 107    , LEU  , 135    , 003.97
PRO  , 108    , GLN  , 109    , 003.48
PRO  , 108    , TRP  , 110    , 003.11
PRO  , 108    , VAL  , 111    , 003.69
PRO  , 108    , LEU  , 112    , 002.98
GLN  , 109    , TRP  , 110    , 002.83
GLN  , 109    , VAL  , 111    , 003.24
GLN  , 109    , LEU  , 112    , 003.86
GLN  , 109    , ASP  , 113    , 002.89
TRP  , 110    , VAL  , 111    , 002.79
TRP  , 110    , LEU  , 112    , 003.38
TRP  , 110    , ASP  , 113    , 003.89
TRP  , 110    , ILE  , 114    , 003.55
TRP  , 110    , ARG  , 148    , 003.92
VAL  , 111    , LEU  , 112    , 002.76
VAL  , 111    , ASP  , 113    , 003.20
VAL  , 111    , ILE  , 114    , 003.71
VAL  , 111    , GLY  , 115    , 003.18
VAL  , 111    , LEU  , 135    , 003.98
LEU  , 112    , ASP  , 113    , 002.81
LEU  , 112    , ILE  , 114    , 003.30
LEU  , 112    , GLY  , 115    , 003.76
LEU  , 112    , GLU  , 116    , 003.07
ASP  , 113    , ILE  , 114    , 002.81
ASP  , 113    , GLY  , 115    , 003.27
ASP  , 113    , GLU  , 116    , 003.76
ASP  , 113    , SER  , 117    , 003.86
ILE  , 114    , GLY  , 115    , 002.73
ILE  , 114    , GLU  , 116    , 003.10
ILE  , 114    , SER  , 117    , 003.77
ILE  , 114    , ASN  , 118    , 003.00
ILE  , 114    , PHE  , 145    , 003.68
ILE  , 114    , HIS  , 146    , 003.94
GLY  , 115    , GLU  , 116    , 002.73
GLY  , 115    , SER  , 117    , 003.25
GLY  , 115    , ASN  , 118    , 003.90
GLY  , 115    , HIS  , 119    , 003.48
GLY  , 115    , ILE  , 121    , 003.75
GLY  , 115    , PHE  , 122    , 003.79
GLU  , 116    , SER  , 117    , 002.75
GLU  , 116    , ASN  , 118    , 003.59
GLU  , 116    , HIS  , 119    , 003.78
SER  , 117    , ASN  , 118    , 002.77
SER  , 117    , HIS  , 119    , 003.93
ASN  , 118    , HIS  , 119    , 002.97
ASN  , 118    , ASP  , 120    , 003.12
ASN  , 118    , ILE  , 121    , 003.52
ASN  , 118    , ILE  , 144    , 003.81
ASN  , 118    , TYR  , 212    , 003.76
HIS  , 119    , ASP  , 120    , 002.72
HIS  , 119    , ILE  , 121    , 003.14
HIS  , 119    , PHE  , 122    , 003.42
HIS  , 119    , ARG  , 130    , 003.80
ASP  , 120    , ILE  , 121    , 002.78
ASP  , 120    , PHE  , 122    , 003.22
ASP  , 120    , ARG  , 130    , 003.82
ASP  , 120    , THR  , 136    , 003.47
ASP  , 120    , ASP  , 210    , 003.49
ASP  , 120    , LYS  , 211    , 003.97
ASP  , 120    , TYR  , 212    , 003.87
ILE  , 121    , PHE  , 122    , 002.73
ILE  , 121    , LEU  , 135    , 003.49
ILE  , 121    , THR  , 136    , 003.95
ILE  , 121    , VAL  , 139    , 003.98
ILE  , 121    , ILE  , 144    , 003.70
ILE  , 121    , PHE  , 145    , 003.78
PHE  , 122    , TYR  , 123    , 003.68
PHE  , 122    , THR  , 124    , 003.96
PHE  , 122    , ASN  , 131    , 003.82
PHE  , 122    , LYS  , 132    , 003.49
PHE  , 122    , ASP  , 210    , 003.74
TYR  , 123    , THR  , 124    , 003.60
TYR  , 123    , THR  , 129    , 003.32
TYR  , 123    , ARG  , 130    , 003.65
TYR  , 123    , ASN  , 131    , 003.61
TYR  , 123    , TYR  , 134    , 003.77
TYR  , 123    , THR  , 136    , 003.92
TYR  , 123    , VAL  , 137    , 003.88
TYR  , 123    , TYR  , 189    , 003.58
TYR  , 123    , PRO  , 190    , 003.61
TYR  , 123    , GLN  , 207    , 003.54
THR  , 124    , ASN  , 125    , 003.57
THR  , 124    , GLY  , 128    , 003.81
THR  , 124    , THR  , 129    , 003.22
THR  , 124    , ARG  , 130    , 003.92
THR  , 124    , GLN  , 207    , 003.57
THR  , 124    , CYS  , 208    , 003.51
THR  , 124    , TYR  , 209    , 003.91
THR  , 124    , ASP  , 210    , 003.57
ASN  , 125    , ARG  , 126    , 003.67
ASN  , 125    , SER  , 127    , 003.28
ASN  , 125    , GLY  , 128    , 003.97
ASN  , 125    , THR  , 129    , 003.39
ASN  , 125    , GLN  , 196    , 003.89
ASN  , 125    , GLU  , 205    , 003.49
ASN  , 125    , PHE  , 206    , 003.85
ASN  , 125    , GLN  , 207    , 003.38
ASN  , 125    , TYR  , 209    , 003.78
ASN  , 125    , TYR  , 238    , 003.64
ARG  , 126    , SER  , 127    , 002.79
ARG  , 126    , GLY  , 128    , 003.18
ARG  , 126    , TYR  , 209    , 003.74
ARG  , 126    , PRO  , 232    , 003.77
ARG  , 126    , ASP  , 233    , 003.98
ARG  , 126    , GLY  , 236    , 003.32
ARG  , 126    , LYS  , 237    , 003.67
SER  , 127    , GLY  , 128    , 002.84
SER  , 127    , THR  , 129    , 003.56
SER  , 127    , LYS  , 237    , 003.93
GLY  , 128    , THR  , 129    , 002.81
GLY  , 128    , ARG  , 130    , 003.87
THR  , 129    , ARG  , 130    , 003.41
THR  , 129    , ASN  , 131    , 003.93
THR  , 129    , GLN  , 196    , 003.74
ARG  , 130    , ASN  , 131    , 003.48
ARG  , 130    , LYS  , 132    , 003.82
ASN  , 131    , LYS  , 132    , 003.32
ASN  , 131    , GLU  , 133    , 003.31
ASN  , 131    , TYR  , 134    , 003.99
ASN  , 131    , PRO  , 190    , 003.49
LYS  , 132    , GLU  , 133    , 002.76
LYS  , 132    , TYR  , 134    , 003.22
GLU  , 133    , TYR  , 134    , 002.82
GLU  , 133    , PRO  , 183    , 003.80
GLU  , 133    , PRO  , 190    , 003.53
TYR  , 134    , LEU  , 135    , 003.52
TYR  , 134    , THR  , 136    , 003.91
TYR  , 134    , TYR  , 154    , 003.83
TYR  , 134    , LEU  , 181    , 003.87
TYR  , 134    , GLY  , 182    , 003.72
TYR  , 134    , HIS  , 273    , 003.96
LEU  , 135    , THR  , 136    , 003.53
LEU  , 135    , VAL  , 137    , 003.98
LEU  , 135    , TYR  , 154    , 003.65
THR  , 136    , VAL  , 137    , 003.59
THR  , 136    , GLY  , 138    , 003.95
THR  , 136    , VAL  , 139    , 003.81
THR  , 136    , ASP  , 140    , 003.91
THR  , 136    , ASP  , 210    , 003.53
THR  , 136    , LEU  , 213    , 003.93
VAL  , 137    , GLY  , 138    , 002.65
VAL  , 137    , VAL  , 139    , 003.27
VAL  , 137    , ASP  , 140    , 003.83
VAL  , 137    , LYS  , 269    , 003.78
VAL  , 137    , HIS  , 273    , 003.78
GLY  , 138    , VAL  , 139    , 002.88
GLY  , 138    , ASP  , 140    , 003.41
GLY  , 138    , GLU  , 142    , 003.79
GLY  , 138    , TYR  , 212    , 003.84
VAL  , 139    , ASP  , 140    , 002.82
VAL  , 139    , ASN  , 141    , 003.20
VAL  , 139    , GLU  , 142    , 003.92
VAL  , 139    , PHE  , 145    , 003.98
VAL  , 139    , ALA  , 150    , 003.61
VAL  , 139    , TYR  , 212    , 003.64
ASP  , 140    , ASN  , 141    , 002.87
ASP  , 140    , GLU  , 142    , 003.57
ASP  , 140    , THR  , 149    , 003.83
ASP  , 140    , ALA  , 150    , 003.58
ASP  , 140    , ILE  , 151    , 003.95
ASP  , 140    , HIS  , 273    , 003.47
ASN  , 141    , GLU  , 142    , 002.74
ASN  , 141    , PRO  , 143    , 003.94
ASN  , 141    , THR  , 149    , 003.53
ASN  , 141    , ILE  , 151    , 003.75
ASN  , 141    , GLN  , 276    , 003.76
GLU  , 142    , PRO  , 143    , 003.49
GLU  , 142    , ILE  , 144    , 003.22
GLU  , 142    , ARG  , 148    , 003.65
GLU  , 142    , THR  , 149    , 003.51
GLU  , 142    , TYR  , 212    , 003.91
PRO  , 143    , ILE  , 144    , 002.94
PRO  , 143    , PHE  , 145    , 003.64
PRO  , 143    , GLY  , 147    , 003.91
PRO  , 143    , ARG  , 148    , 003.86
PRO  , 143    , THR  , 149    , 003.69
ILE  , 144    , PHE  , 145    , 002.87
ILE  , 144    , HIS  , 146    , 003.54
ILE  , 144    , ARG  , 148    , 003.37
ILE  , 144    , TYR  , 212    , 003.66
PHE  , 145    , HIS  , 146    , 002.96
PHE  , 145    , GLY  , 147    , 003.27
PHE  , 145    , ARG  , 148    , 002.90
PHE  , 145    , ALA  , 150    , 003.85
PHE  , 145    , ILE  , 153    , 003.66
HIS  , 146    , GLY  , 147    , 002.82
HIS  , 146    , ARG  , 148    , 003.31
GLY  , 147    , ARG  , 148    , 002.80
ARG  , 148    , THR  , 149    , 003.61
ARG  , 148    , GLU  , 152    , 003.55
ARG  , 148    , ILE  , 153    , 003.97
ARG  , 148    , ASP  , 156    , 003.43
THR  , 149    , ALA  , 150    , 003.63
THR  , 149    , ILE  , 151    , 003.36
THR  , 149    , GLU  , 152    , 003.17
THR  , 149    , ILE  , 153    , 003.18
ALA  , 150    , ILE  , 151    , 002.97
ALA  , 150    , GLU  , 152    , 003.39
ALA  , 150    , ILE  , 153    , 003.77
ALA  , 150    , TYR  , 154    , 003.11
ILE  , 151    , GLU  , 152    , 002.91
ILE  , 151    , ILE  , 153    , 003.30
ILE  , 151    , TYR  , 154    , 003.70
ILE  , 151    , SER  , 155    , 003.87
ILE  , 151    , GLN  , 276    , 003.92
ILE  , 151    , ILE  , 277    , 004.00
ILE  , 151    , GLU  , 280    , 003.71
GLU  , 152    , ILE  , 153    , 002.83
GLU  , 152    , TYR  , 154    , 003.27
GLU  , 152    , SER  , 155    , 003.70
GLU  , 152    , ASP  , 156    , 003.02
ILE  , 153    , TYR  , 154    , 002.77
ILE  , 153    , SER  , 155    , 003.23
ILE  , 153    , ASP  , 156    , 003.93
ILE  , 153    , TYR  , 157    , 003.15
TYR  , 154    , SER  , 155    , 002.67
TYR  , 154    , ASP  , 156    , 003.37
TYR  , 154    , TYR  , 157    , 003.94
TYR  , 154    , MET  , 158    , 003.90
TYR  , 154    , ILE  , 277    , 003.79
SER  , 155    , ASP  , 156    , 002.82
SER  , 155    , TYR  , 157    , 003.32
SER  , 155    , MET  , 158    , 003.83
SER  , 155    , LYS  , 159    , 003.03
SER  , 155    , GLU  , 280    , 003.97
ASP  , 156    , TYR  , 157    , 002.79
ASP  , 156    , MET  , 158    , 003.25
ASP  , 156    , LYS  , 159    , 003.77
ASP  , 156    , SER  , 160    , 002.96
TYR  , 157    , MET  , 158    , 002.81
TYR  , 157    , LYS  , 159    , 003.35
TYR  , 157    , SER  , 160    , 003.96
TYR  , 157    , PHE  , 161    , 002.97
MET  , 158    , LYS  , 159    , 002.86
MET  , 158    , SER  , 160    , 003.42
MET  , 158    , PHE  , 161    , 003.81
MET  , 158    , ARG  , 162    , 003.01
MET  , 158    , ALA  , 281    , 003.83
MET  , 158    , ALA  , 284    , 003.88
MET  , 158    , PHE  , 285    , 003.82
LYS  , 159    , SER  , 160    , 002.85
LYS  , 159    , PHE  , 161    , 003.31
LYS  , 159    , ARG  , 162    , 003.80
LYS  , 159    , GLU  , 163    , 003.99
LYS  , 159    , ALA  , 284    , 003.90
SER  , 160    , PHE  , 161    , 002.79
SER  , 160    , ARG  , 162    , 003.33
SER  , 160    , GLU  , 163    , 003.82
SER  , 160    , ASN  , 164    , 003.85
PHE  , 161    , ARG  , 162    , 002.86
PHE  , 161    , GLU  , 163    , 003.36
PHE  , 161    , ASN  , 164    , 003.49
PHE  , 161    , MET  , 165    , 003.02
PHE  , 161    , PHE  , 285    , 003.85
ARG  , 162    , GLU  , 163    , 002.95
ARG  , 162    , ASN  , 164    , 003.49
ARG  , 162    , MET  , 165    , 003.85
ARG  , 162    , SER  , 166    , 003.20
ARG  , 162    , LEU  , 169    , 003.87
ARG  , 162    , LYS  , 283    , 003.89
ARG  , 162    , ALA  , 284    , 003.54
ARG  , 162    , PHE  , 285    , 003.91
ARG  , 162    , LEU  , 286    , 003.55
ARG  , 162    , CYS  , 288    , 003.89
GLU  , 163    , ASN  , 164    , 002.86
GLU  , 163    , MET  , 165    , 003.37
GLU  , 163    , SER  , 166    , 003.58
ASN  , 164    , MET  , 165    , 002.83
ASN  , 164    , SER  , 166    , 003.56
MET  , 165    , SER  , 166    , 002.75
MET  , 165    , ASP  , 167    , 003.31
MET  , 165    , PHE  , 168    , 003.85
MET  , 165    , LEU  , 169    , 003.03
SER  , 166    , ASP  , 167    , 002.89
SER  , 166    , PHE  , 168    , 003.39
SER  , 166    , LEU  , 169    , 003.75
SER  , 166    , GLU  , 170    , 003.88
ASP  , 167    , PHE  , 168    , 002.92
ASP  , 167    , LEU  , 169    , 003.28
ASP  , 167    , GLU  , 170    , 003.87
ASP  , 167    , SER  , 171    , 003.79
PHE  , 168    , LEU  , 169    , 002.72
PHE  , 168    , GLU  , 170    , 003.41
PHE  , 168    , SER  , 171    , 003.32
PHE  , 168    , GLY  , 172    , 003.35
PHE  , 168    , LEU  , 173    , 003.13
PHE  , 168    , ILE  , 174    , 003.99
LEU  , 169    , GLU  , 170    , 002.84
LEU  , 169    , SER  , 171    , 003.27
LEU  , 169    , GLY  , 172    , 003.86
LEU  , 169    , ILE  , 174    , 003.89
GLU  , 170    , SER  , 171    , 002.77
GLU  , 170    , GLY  , 172    , 003.25
SER  , 171    , GLY  , 172    , 002.80
SER  , 171    , LEU  , 173    , 003.39
GLY  , 172    , LEU  , 173    , 002.88
GLY  , 172    , ILE  , 174    , 003.32
LEU  , 173    , ILE  , 174    , 002.72
LEU  , 173    , ILE  , 175    , 003.75
ILE  , 174    , ILE  , 175    , 003.35
ILE  , 174    , ASP  , 176    , 003.65
ILE  , 174    , ILE  , 177    , 003.73
ILE  , 174    , LYS  , 289    , 003.55
ILE  , 174    , VAL  , 290    , 003.25
ILE  , 175    , ASP  , 176    , 002.96
ILE  , 175    , VAL  , 290    , 003.78
ILE  , 175    , LYS  , 291    , 003.24
ILE  , 175    , ILE  , 458    , 003.19
ASP  , 176    , ILE  , 177    , 003.57
ASP  , 176    , GLU  , 178    , 003.89
ASP  , 176    , LYS  , 291    , 003.22
ILE  , 177    , GLU  , 178    , 003.29
ILE  , 177    , VAL  , 179    , 003.87
ILE  , 177    , PHE  , 285    , 003.90
ILE  , 177    , VAL  , 290    , 003.81
ILE  , 177    , LYS  , 291    , 002.98
ILE  , 177    , LEU  , 292    , 003.66
ILE  , 177    , ALA  , 293    , 003.09
GLU  , 178    , VAL  , 179    , 003.50
GLU  , 178    , GLY  , 180    , 003.85
GLU  , 178    , ALA  , 293    , 003.29
GLU  , 178    , LYS  , 295    , 003.69
GLU  , 178    , ASN  , 340    , 003.77
VAL  , 179    , GLY  , 180    , 003.38
VAL  , 179    , LEU  , 181    , 003.80
VAL  , 179    , ILE  , 277    , 003.93
VAL  , 179    , LEU  , 278    , 003.63
VAL  , 179    , ALA  , 281    , 003.99
VAL  , 179    , ALA  , 293    , 002.86
GLY  , 180    , LEU  , 181    , 003.47
GLY  , 180    , GLY  , 182    , 003.87
GLY  , 180    , GLY  , 185    , 003.88
LEU  , 181    , GLY  , 182    , 002.83
LEU  , 181    , GLY  , 185    , 003.76
LEU  , 181    , GLU  , 186    , 003.55
LEU  , 181    , LEU  , 187    , 003.91
LEU  , 181    , HIS  , 273    , 003.72
LEU  , 181    , ILE  , 277    , 003.96
LEU  , 181    , ILE  , 294    , 003.91
GLY  , 182    , PRO  , 183    , 003.62
GLY  , 182    , ALA  , 184    , 003.84
GLY  , 182    , GLY  , 185    , 003.82
GLY  , 182    , GLU  , 186    , 003.90
PRO  , 183    , ALA  , 184    , 003.46
PRO  , 183    , GLY  , 185    , 003.05
PRO  , 183    , GLU  , 186    , 003.87
PRO  , 183    , ARG  , 188    , 003.85
PRO  , 183    , PRO  , 190    , 003.79
ALA  , 184    , GLY  , 185    , 002.75
ALA  , 184    , GLU  , 186    , 003.17
GLY  , 185    , GLU  , 186    , 002.81
GLY  , 185    , LYS  , 295    , 003.82
GLU  , 186    , LEU  , 187    , 003.59
GLU  , 186    , ARG  , 188    , 003.40
GLU  , 186    , LYS  , 295    , 003.24
GLU  , 186    , SER  , 297    , 003.86
GLU  , 186    , THR  , 342    , 003.48
LEU  , 187    , ARG  , 188    , 003.21
LEU  , 187    , LEU  , 270    , 003.56
LEU  , 187    , HIS  , 273    , 003.67
LEU  , 187    , LYS  , 295    , 002.96
LEU  , 187    , TYR  , 316    , 003.66
ARG  , 188    , TYR  , 189    , 003.68
ARG  , 188    , PRO  , 190    , 003.90
ARG  , 188    , TYR  , 192    , 003.75
ARG  , 188    , LEU  , 270    , 003.80
ARG  , 188    , SER  , 297    , 003.69
ARG  , 188    , ALA  , 314    , 003.50
ARG  , 188    , TYR  , 316    , 003.92
TYR  , 189    , PRO  , 190    , 003.56
TYR  , 189    , SER  , 191    , 003.12
TYR  , 189    , GLN  , 207    , 003.78
TYR  , 189    , TYR  , 266    , 003.49
TYR  , 189    , LYS  , 269    , 003.11
TYR  , 189    , LEU  , 270    , 003.98
TYR  , 189    , THR  , 313    , 004.00
TYR  , 189    , ALA  , 314    , 003.96
TYR  , 189    , GLY  , 315    , 003.82
PRO  , 190    , SER  , 191    , 002.95
PRO  , 190    , TYR  , 192    , 003.29
PRO  , 190    , PRO  , 193    , 003.86
PRO  , 190    , GLN  , 207    , 003.83
SER  , 191    , TYR  , 192    , 002.77
SER  , 191    , PRO  , 193    , 003.83
SER  , 191    , GLY  , 204    , 003.10
SER  , 191    , GLU  , 205    , 003.39
SER  , 191    , TYR  , 238    , 003.52
SER  , 191    , THR  , 313    , 003.61
SER  , 191    , ALA  , 314    , 003.86
TYR  , 192    , PRO  , 193    , 003.03
TYR  , 192    , GLN  , 194    , 003.72
TYR  , 192    , TRP  , 198    , 003.87
TYR  , 192    , SER  , 297    , 003.02
TYR  , 192    , ILE  , 299    , 003.93
TYR  , 192    , TRP  , 301    , 003.96
PRO  , 193    , GLN  , 194    , 003.33
PRO  , 193    , SER  , 195    , 003.08
PRO  , 193    , GLN  , 196    , 003.72
PRO  , 193    , GLY  , 197    , 003.64
PRO  , 193    , TRP  , 198    , 003.87
PRO  , 193    , TYR  , 238    , 003.75
GLN  , 194    , SER  , 195    , 002.69
GLN  , 194    , GLN  , 196    , 003.17
GLN  , 194    , GLY  , 197    , 003.73
GLN  , 194    , TRP  , 198    , 003.84
SER  , 195    , GLN  , 196    , 002.73
SER  , 195    , GLY  , 197    , 003.35
GLN  , 196    , GLY  , 197    , 002.67
GLN  , 196    , TRP  , 198    , 003.41
GLN  , 196    , TYR  , 238    , 003.96
GLY  , 197    , TRP  , 198    , 002.88
GLY  , 197    , GLU  , 199    , 003.94
GLY  , 197    , ASN  , 239    , 003.44
TRP  , 198    , GLU  , 199    , 003.55
TRP  , 198    , PHE  , 200    , 003.99
TRP  , 198    , ARG  , 202    , 003.97
TRP  , 198    , GLY  , 204    , 003.89
TRP  , 198    , TYR  , 238    , 003.91
TRP  , 198    , ASN  , 239    , 003.71
TRP  , 198    , TRP  , 301    , 003.82
GLU  , 199    , PHE  , 200    , 003.46
GLU  , 199    , PRO  , 201    , 003.91
GLU  , 199    , ARG  , 202    , 003.11
GLU  , 199    , ASN  , 239    , 003.00
PHE  , 200    , PRO  , 201    , 003.58
PHE  , 200    , ARG  , 202    , 003.60
PHE  , 200    , HIS  , 300    , 003.71
PHE  , 200    , TRP  , 301    , 003.94
PHE  , 200    , GLN  , 351    , 003.93
PHE  , 200    , PRO  , 352    , 003.97
PRO  , 201    , ARG  , 202    , 002.82
PRO  , 201    , ILE  , 203    , 003.76
PRO  , 201    , TRP  , 301    , 003.80
PRO  , 201    , TRP  , 302    , 003.86
PRO  , 201    , ALA  , 355    , 003.96
ARG  , 202    , ILE  , 203    , 003.57
ARG  , 202    , GLY  , 204    , 003.19
ARG  , 202    , TYR  , 238    , 003.76
ARG  , 202    , ASN  , 239    , 003.25
ARG  , 202    , ASP  , 240    , 003.76
ARG  , 202    , VAL  , 241    , 003.57
ARG  , 202    , TRP  , 301    , 003.57
ILE  , 203    , GLY  , 204    , 002.87
ILE  , 203    , ALA  , 235    , 003.68
ILE  , 203    , TYR  , 238    , 003.33
ILE  , 203    , ASP  , 240    , 003.26
ILE  , 203    , PRO  , 242    , 003.79
ILE  , 203    , THR  , 245    , 003.97
ILE  , 203    , PHE  , 248    , 003.76
ILE  , 203    , TRP  , 302    , 003.76
ILE  , 203    , ALA  , 309    , 003.84
ILE  , 203    , ALA  , 310    , 003.90
ILE  , 203    , THR  , 313    , 003.97
GLY  , 204    , GLU  , 205    , 003.70
GLY  , 204    , TYR  , 238    , 003.91
GLY  , 204    , THR  , 313    , 003.75
GLU  , 205    , PHE  , 206    , 003.61
GLU  , 205    , GLN  , 207    , 003.96
GLU  , 205    , LYS  , 237    , 003.99
GLU  , 205    , TYR  , 238    , 003.56
GLU  , 205    , THR  , 313    , 003.94
PHE  , 206    , GLN  , 207    , 003.54
PHE  , 206    , CYS  , 208    , 003.65
PHE  , 206    , TYR  , 209    , 003.87
PHE  , 206    , ALA  , 235    , 003.88
PHE  , 206    , PHE  , 247    , 003.97
PHE  , 206    , PHE  , 248    , 003.95
PHE  , 206    , PHE  , 262    , 004.00
PHE  , 206    , LEU  , 263    , 003.94
PHE  , 206    , TYR  , 266    , 003.41
PHE  , 206    , LEU  , 312    , 003.88
PHE  , 206    , THR  , 313    , 003.83
GLN  , 207    , CYS  , 208    , 002.87
GLN  , 207    , TYR  , 209    , 003.57
GLN  , 207    , LEU  , 213    , 003.79
GLN  , 207    , TYR  , 238    , 003.80
GLN  , 207    , TYR  , 266    , 003.88
CYS  , 208    , TYR  , 209    , 002.70
CYS  , 208    , ASP  , 210    , 003.49
CYS  , 208    , LEU  , 213    , 003.73
CYS  , 208    , LYS  , 214    , 003.86
CYS  , 208    , PHE  , 262    , 003.58
CYS  , 208    , TRP  , 265    , 003.89
CYS  , 208    , TYR  , 266    , 003.89
TYR  , 209    , ASP  , 210    , 002.84
TYR  , 209    , LYS  , 211    , 003.71
TYR  , 209    , LYS  , 214    , 003.39
TYR  , 209    , LEU  , 231    , 003.60
TYR  , 209    , PRO  , 232    , 003.86
ASP  , 210    , LYS  , 211    , 003.63
ASP  , 210    , TYR  , 212    , 003.16
ASP  , 210    , LEU  , 213    , 003.24
ASP  , 210    , LYS  , 214    , 002.98
LYS  , 211    , TYR  , 212    , 002.77
LYS  , 211    , LEU  , 213    , 003.55
LYS  , 211    , LYS  , 214    , 004.00
LYS  , 211    , ALA  , 215    , 003.19
TYR  , 212    , LEU  , 213    , 002.84
TYR  , 212    , LYS  , 214    , 003.35
TYR  , 212    , ALA  , 215    , 003.93
TYR  , 212    , ASP  , 216    , 003.08
LEU  , 213    , LYS  , 214    , 002.81
LEU  , 213    , ALA  , 215    , 003.34
LEU  , 213    , ASP  , 216    , 003.71
LEU  , 213    , PHE  , 217    , 002.96
LEU  , 213    , TRP  , 265    , 003.34
LEU  , 213    , LYS  , 269    , 003.73
LYS  , 214    , ALA  , 215    , 002.81
LYS  , 214    , ASP  , 216    , 003.15
LYS  , 214    , PHE  , 217    , 003.89
LYS  , 214    , LYS  , 218    , 003.01
LYS  , 214    , LEU  , 231    , 003.81
ALA  , 215    , ASP  , 216    , 002.66
ALA  , 215    , PHE  , 217    , 003.52
ALA  , 215    , LYS  , 218    , 003.86
ALA  , 215    , ALA  , 219    , 003.45
ASP  , 216    , PHE  , 217    , 002.81
ASP  , 216    , LYS  , 218    , 003.34
ASP  , 216    , ALA  , 219    , 003.88
ASP  , 216    , ALA  , 220    , 003.20
ASP  , 216    , TRP  , 265    , 003.99
ASP  , 216    , LYS  , 269    , 003.66
PHE  , 217    , LYS  , 218    , 002.84
PHE  , 217    , ALA  , 219    , 003.21
PHE  , 217    , ALA  , 220    , 003.75
PHE  , 217    , VAL  , 221    , 002.99
PHE  , 217    , TRP  , 229    , 003.81
PHE  , 217    , GLU  , 230    , 003.54
PHE  , 217    , LEU  , 231    , 003.67
PHE  , 217    , PHE  , 262    , 003.89
PHE  , 217    , TRP  , 265    , 003.93
LYS  , 218    , ALA  , 219    , 002.82
LYS  , 218    , ALA  , 220    , 003.31
LYS  , 218    , VAL  , 221    , 003.79
LYS  , 218    , ALA  , 222    , 003.25
LYS  , 218    , PRO  , 227    , 003.35
LYS  , 218    , TRP  , 229    , 003.64
LYS  , 218    , GLU  , 230    , 003.58
ALA  , 219    , ALA  , 220    , 002.70
ALA  , 219    , VAL  , 221    , 003.53
ALA  , 219    , ALA  , 222    , 003.85
ALA  , 219    , ARG  , 223    , 003.42
ALA  , 220    , VAL  , 221    , 002.94
ALA  , 220    , ALA  , 222    , 003.25
ALA  , 220    , ARG  , 223    , 003.71
ALA  , 220    , ALA  , 224    , 002.94
ALA  , 220    , PHE  , 261    , 003.96
VAL  , 221    , ALA  , 222    , 002.74
VAL  , 221    , ARG  , 223    , 003.21
VAL  , 221    , ALA  , 224    , 003.69
VAL  , 221    , GLY  , 225    , 003.13
VAL  , 221    , HIS  , 226    , 004.00
VAL  , 221    , PRO  , 227    , 003.67
VAL  , 221    , TRP  , 229    , 003.83
VAL  , 221    , PHE  , 261    , 003.82
ALA  , 222    , ARG  , 223    , 002.77
ALA  , 222    , ALA  , 224    , 003.39
ALA  , 222    , GLY  , 225    , 003.82
ALA  , 222    , PRO  , 227    , 003.88
ARG  , 223    , ALA  , 224    , 002.82
ARG  , 223    , GLY  , 225    , 003.07
ALA  , 224    , GLY  , 225    , 002.62
ALA  , 224    , HIS  , 226    , 003.56
ALA  , 224    , PHE  , 261    , 003.75
GLY  , 225    , HIS  , 226    , 002.70
GLY  , 225    , PRO  , 227    , 003.87
HIS  , 226    , PRO  , 227    , 003.05
HIS  , 226    , GLU  , 228    , 003.94
HIS  , 226    , TRP  , 229    , 003.97
HIS  , 226    , GLU  , 257    , 003.92
PRO  , 227    , GLU  , 228    , 002.71
PRO  , 227    , TRP  , 229    , 003.41
GLU  , 228    , TRP  , 229    , 002.73
GLU  , 228    , GLU  , 230    , 003.92
TRP  , 229    , GLU  , 230    , 003.50
TRP  , 229    , GLU  , 257    , 003.80
TRP  , 229    , LYS  , 258    , 003.84
TRP  , 229    , PHE  , 261    , 003.76
GLU  , 230    , LEU  , 231    , 003.72
GLU  , 230    , PRO  , 232    , 003.76
LEU  , 231    , PRO  , 232    , 003.65
LEU  , 231    , ASP  , 233    , 003.85
LEU  , 231    , PHE  , 262    , 003.94
PRO  , 232    , ASP  , 233    , 003.50
PRO  , 232    , ASP  , 234    , 003.56
PRO  , 232    , PHE  , 247    , 003.73
PRO  , 232    , PHE  , 262    , 003.84
ASP  , 233    , ASP  , 234    , 002.62
ASP  , 233    , ALA  , 235    , 003.73
ASP  , 234    , ALA  , 235    , 002.83
ASP  , 234    , GLY  , 236    , 003.27
ASP  , 234    , THR  , 245    , 003.89
ASP  , 234    , GLY  , 246    , 003.08
ASP  , 234    , PHE  , 247    , 003.96
ASP  , 234    , THR  , 253    , 003.61
ALA  , 235    , GLY  , 236    , 002.68
ALA  , 235    , THR  , 245    , 003.83
ALA  , 235    , PHE  , 247    , 003.61
GLY  , 236    , LYS  , 237    , 003.64
GLY  , 236    , ASP  , 240    , 003.20
GLY  , 236    , THR  , 245    , 003.92
LYS  , 237    , TYR  , 238    , 003.67
LYS  , 237    , ASN  , 239    , 003.22
LYS  , 237    , ASP  , 240    , 003.57
TYR  , 238    , ASN  , 239    , 002.92
TYR  , 238    , ASP  , 240    , 003.38
ASN  , 239    , ASP  , 240    , 002.89
ASN  , 239    , VAL  , 241    , 003.93
ASP  , 240    , VAL  , 241    , 003.55
ASP  , 240    , THR  , 245    , 003.90
VAL  , 241    , PRO  , 242    , 003.55
VAL  , 241    , GLU  , 243    , 003.40
VAL  , 241    , SER  , 244    , 003.24
VAL  , 241    , THR  , 245    , 003.64
VAL  , 241    , TRP  , 302    , 003.60
PRO  , 242    , GLU  , 243    , 002.87
PRO  , 242    , SER  , 244    , 003.06
PRO  , 242    , THR  , 245    , 003.78
PRO  , 242    , PHE  , 248    , 003.89
PRO  , 242    , LYS  , 249    , 003.45
PRO  , 242    , TRP  , 302    , 003.93
PRO  , 242    , ASN  , 307    , 003.82
GLU  , 243    , SER  , 244    , 002.67
GLU  , 243    , THR  , 245    , 003.16
SER  , 244    , THR  , 245    , 002.71
THR  , 245    , GLY  , 246    , 003.61
THR  , 245    , PHE  , 247    , 003.18
THR  , 245    , PHE  , 248    , 003.61
THR  , 245    , LYS  , 249    , 003.17
GLY  , 246    , PHE  , 247    , 002.72
GLY  , 246    , PHE  , 248    , 003.52
GLY  , 246    , LYS  , 249    , 003.93
GLY  , 246    , GLY  , 252    , 003.33
GLY  , 246    , THR  , 253    , 003.28
PHE  , 247    , PHE  , 248    , 002.80
PHE  , 247    , LYS  , 249    , 003.58
PHE  , 247    , GLY  , 252    , 003.89
PHE  , 247    , THR  , 253    , 003.85
PHE  , 247    , TYR  , 254    , 003.11
PHE  , 248    , LYS  , 249    , 002.78
PHE  , 248    , SER  , 250    , 003.86
PHE  , 248    , TYR  , 254    , 003.82
PHE  , 248    , ASN  , 307    , 003.66
PHE  , 248    , LEU  , 312    , 003.85
PHE  , 248    , THR  , 313    , 003.82
LYS  , 249    , SER  , 250    , 003.74
LYS  , 249    , ASN  , 251    , 003.91
LYS  , 249    , GLY  , 252    , 003.81
LYS  , 249    , TYR  , 254    , 003.63
SER  , 250    , ASN  , 251    , 003.56
SER  , 250    , GLY  , 252    , 003.09
ASN  , 251    , GLY  , 252    , 002.93
ASN  , 251    , VAL  , 255    , 004.00
GLY  , 252    , THR  , 253    , 003.69
GLY  , 252    , TYR  , 254    , 003.29
GLY  , 252    , VAL  , 255    , 003.30
GLY  , 252    , THR  , 256    , 003.77
THR  , 253    , TYR  , 254    , 002.89
THR  , 253    , VAL  , 255    , 003.16
THR  , 253    , THR  , 256    , 003.98
THR  , 253    , GLY  , 259    , 003.58
TYR  , 254    , VAL  , 255    , 002.77
TYR  , 254    , THR  , 256    , 003.45
TYR  , 254    , LYS  , 260    , 003.82
TYR  , 254    , LEU  , 263    , 003.92
TYR  , 254    , GLU  , 306    , 003.87
TYR  , 254    , ASN  , 307    , 003.95
VAL  , 255    , THR  , 256    , 002.68
VAL  , 255    , LYS  , 260    , 003.90
THR  , 256    , GLU  , 257    , 003.72
THR  , 256    , LYS  , 258    , 003.33
THR  , 256    , GLY  , 259    , 003.84
THR  , 256    , LYS  , 260    , 004.00
GLU  , 257    , LYS  , 258    , 002.76
GLU  , 257    , GLY  , 259    , 003.41
GLU  , 257    , LYS  , 260    , 003.82
GLU  , 257    , PHE  , 261    , 004.00
LYS  , 258    , GLY  , 259    , 002.81
LYS  , 258    , LYS  , 260    , 003.46
LYS  , 258    , PHE  , 261    , 003.83
LYS  , 258    , PHE  , 262    , 003.07
GLY  , 259    , LYS  , 260    , 002.82
GLY  , 259    , PHE  , 261    , 003.28
GLY  , 259    , PHE  , 262    , 003.83
GLY  , 259    , LEU  , 263    , 002.90
LYS  , 260    , PHE  , 261    , 002.76
LYS  , 260    , PHE  , 262    , 003.44
LYS  , 260    , LEU  , 263    , 003.95
LYS  , 260    , THR  , 264    , 003.13
LYS  , 260    , TYR  , 317    , 003.76
PHE  , 261    , PHE  , 262    , 002.87
PHE  , 261    , LEU  , 263    , 003.36
PHE  , 261    , THR  , 264    , 003.87
PHE  , 261    , TRP  , 265    , 002.97
PHE  , 262    , LEU  , 263    , 002.89
PHE  , 262    , THR  , 264    , 003.25
PHE  , 262    , TRP  , 265    , 003.71
PHE  , 262    , TYR  , 266    , 002.80
LEU  , 263    , THR  , 264    , 002.82
LEU  , 263    , TRP  , 265    , 003.41
LEU  , 263    , TYR  , 266    , 003.69
LEU  , 263    , SER  , 267    , 003.82
LEU  , 263    , LEU  , 312    , 003.60
LEU  , 263    , TYR  , 317    , 003.69
THR  , 264    , TRP  , 265    , 002.87
THR  , 264    , TYR  , 266    , 003.42
THR  , 264    , SER  , 267    , 003.85
THR  , 264    , ASN  , 268    , 003.18
THR  , 264    , TYR  , 317    , 003.86
TRP  , 265    , TYR  , 266    , 002.86
TRP  , 265    , SER  , 267    , 003.42
TRP  , 265    , ASN  , 268    , 003.88
TRP  , 265    , LYS  , 269    , 003.02
TYR  , 266    , SER  , 267    , 002.93
TYR  , 266    , ASN  , 268    , 003.35
TYR  , 266    , LYS  , 269    , 003.96
TYR  , 266    , LEU  , 270    , 003.98
TYR  , 266    , LEU  , 312    , 003.79
TYR  , 266    , THR  , 313    , 003.94
TYR  , 266    , GLY  , 315    , 003.83
SER  , 267    , ASN  , 268    , 002.75
SER  , 267    , LYS  , 269    , 003.30
SER  , 267    , LEU  , 270    , 003.82
SER  , 267    , LEU  , 271    , 003.43
SER  , 267    , GLY  , 315    , 003.55
SER  , 267    , TYR  , 317    , 003.71
ASN  , 268    , LYS  , 269    , 002.72
ASN  , 268    , LEU  , 270    , 003.16
ASN  , 268    , LEU  , 271    , 003.72
ASN  , 268    , ASN  , 272    , 003.18
ASN  , 268    , ILE  , 470    , 003.99
ASN  , 268    , LEU  , 474    , 003.56
LYS  , 269    , LEU  , 270    , 002.78
LYS  , 269    , LEU  , 271    , 003.44
LYS  , 269    , ASN  , 272    , 003.69
LYS  , 269    , HIS  , 273    , 003.05
LEU  , 270    , LEU  , 271    , 002.83
LEU  , 270    , ASN  , 272    , 003.34
LEU  , 270    , HIS  , 273    , 003.83
LEU  , 270    , GLY  , 274    , 002.91
LEU  , 270    , ALA  , 314    , 003.69
LEU  , 270    , GLY  , 315    , 003.79
LEU  , 271    , ASN  , 272    , 002.80
LEU  , 271    , HIS  , 273    , 003.40
LEU  , 271    , GLY  , 274    , 003.86
LEU  , 271    , ASP  , 275    , 002.90
LEU  , 271    , ILE  , 328    , 004.00
LEU  , 271    , MET  , 331    , 003.56
LEU  , 271    , LEU  , 474    , 003.96
ASN  , 272    , HIS  , 273    , 002.85
ASN  , 272    , GLY  , 274    , 003.34
ASN  , 272    , ASP  , 275    , 003.81
ASN  , 272    , GLN  , 276    , 003.79
ASN  , 272    , LYS  , 467    , 003.25
ASN  , 272    , ILE  , 470    , 003.73
HIS  , 273    , GLY  , 274    , 002.86
HIS  , 273    , ASP  , 275    , 003.32
HIS  , 273    , GLN  , 276    , 003.53
HIS  , 273    , ILE  , 277    , 003.30
GLY  , 274    , ASP  , 275    , 002.82
GLY  , 274    , GLN  , 276    , 003.49
GLY  , 274    , ILE  , 277    , 003.69
GLY  , 274    , LEU  , 278    , 003.19
GLY  , 274    , MET  , 331    , 003.94
ASP  , 275    , GLN  , 276    , 002.93
ASP  , 275    , ILE  , 277    , 003.48
ASP  , 275    , LEU  , 278    , 003.68
ASP  , 275    , ASP  , 279    , 003.07
ASP  , 275    , MET  , 331    , 003.82
ASP  , 275    , ARG  , 334    , 003.50
ASP  , 275    , HIS  , 335    , 003.66
ASP  , 275    , LYS  , 467    , 003.94
GLN  , 276    , ILE  , 277    , 002.89
GLN  , 276    , LEU  , 278    , 003.35
GLN  , 276    , ASP  , 279    , 003.62
GLN  , 276    , GLU  , 280    , 003.35
ILE  , 277    , LEU  , 278    , 002.77
ILE  , 277    , ASP  , 279    , 003.07
ILE  , 277    , GLU  , 280    , 003.60
ILE  , 277    , ALA  , 281    , 002.94
LEU  , 278    , ASP  , 279    , 002.67
LEU  , 278    , GLU  , 280    , 003.23
LEU  , 278    , ALA  , 281    , 003.76
LEU  , 278    , ASN  , 282    , 003.14
LEU  , 278    , ILE  , 294    , 003.73
LEU  , 278    , LEU  , 332    , 003.71
LEU  , 278    , HIS  , 335    , 003.99
ASP  , 279    , GLU  , 280    , 002.72
ASP  , 279    , ALA  , 281    , 003.43
ASP  , 279    , ASN  , 282    , 003.65
ASP  , 279    , LYS  , 283    , 003.33
ASP  , 279    , ARG  , 334    , 003.91
ASP  , 279    , HIS  , 335    , 003.85
GLU  , 280    , ALA  , 281    , 002.83
GLU  , 280    , ASN  , 282    , 003.30
GLU  , 280    , LYS  , 283    , 003.64
GLU  , 280    , ALA  , 284    , 002.88
ALA  , 281    , ASN  , 282    , 002.77
ALA  , 281    , LYS  , 283    , 003.32
ALA  , 281    , ALA  , 284    , 003.86
ALA  , 281    , PHE  , 285    , 003.08
ASN  , 282    , LYS  , 283    , 002.82
ASN  , 282    , ALA  , 284    , 003.37
ASN  , 282    , PHE  , 285    , 003.96
ASN  , 282    , LEU  , 286    , 003.06
ASN  , 282    , LEU  , 292    , 003.98
ASN  , 282    , LEU  , 461    , 003.48
ASN  , 282    , LYS  , 462    , 003.60
ASN  , 282    , PRO  , 463    , 003.97
ASN  , 282    , SER  , 464    , 003.51
LYS  , 283    , ALA  , 284    , 002.83
LYS  , 283    , PHE  , 285    , 003.30
LYS  , 283    , LEU  , 286    , 003.45
ALA  , 284    , PHE  , 285    , 002.86
ALA  , 284    , LEU  , 286    , 003.45
PHE  , 285    , LEU  , 286    , 002.67
PHE  , 285    , GLY  , 287    , 003.73
PHE  , 285    , CYS  , 288    , 003.96
PHE  , 285    , LEU  , 461    , 003.86
LEU  , 286    , GLY  , 287    , 003.45
LEU  , 286    , CYS  , 288    , 003.23
LEU  , 286    , LEU  , 461    , 004.00
LEU  , 286    , LYS  , 462    , 003.89
LEU  , 286    , PRO  , 463    , 003.58
GLY  , 287    , CYS  , 288    , 002.80
GLY  , 287    , LYS  , 289    , 003.93
GLY  , 287    , PRO  , 460    , 003.80
GLY  , 287    , LEU  , 461    , 003.02
CYS  , 288    , LYS  , 289    , 003.66
CYS  , 288    , VAL  , 290    , 003.26
CYS  , 288    , THR  , 459    , 003.75
CYS  , 288    , PRO  , 460    , 003.87
CYS  , 288    , LEU  , 461    , 003.91
LYS  , 289    , VAL  , 290    , 003.01
LYS  , 289    , ILE  , 458    , 003.79
LYS  , 289    , THR  , 459    , 003.42
LYS  , 289    , PRO  , 460    , 003.94
VAL  , 290    , LYS  , 291    , 003.57
VAL  , 290    , ILE  , 458    , 003.41
VAL  , 290    , THR  , 459    , 003.92
VAL  , 290    , LEU  , 461    , 003.85
LYS  , 291    , LEU  , 292    , 003.60
LYS  , 291    , ILE  , 338    , 003.93
LYS  , 291    , ARG  , 376    , 003.78
LYS  , 291    , ALA  , 457    , 003.64
LYS  , 291    , ILE  , 458    , 003.77
LYS  , 291    , THR  , 459    , 003.87
LEU  , 292    , ALA  , 293    , 003.56
LEU  , 292    , ALA  , 337    , 003.94
LEU  , 292    , ILE  , 338    , 003.97
ALA  , 293    , ILE  , 294    , 003.63
ALA  , 293    , ILE  , 338    , 003.31
ILE  , 294    , LYS  , 295    , 003.60
ILE  , 294    , LEU  , 332    , 003.68
ILE  , 294    , ILE  , 338    , 003.07
ILE  , 294    , LEU  , 339    , 003.98
ILE  , 294    , ASN  , 340    , 004.00
LYS  , 295    , VAL  , 296    , 003.52
LYS  , 295    , ASN  , 340    , 003.22
LYS  , 295    , THR  , 342    , 003.86
LYS  , 295    , GLU  , 380    , 003.99
VAL  , 296    , SER  , 297    , 003.48
VAL  , 296    , GLY  , 298    , 003.86
VAL  , 296    , TYR  , 316    , 003.72
VAL  , 296    , ASN  , 340    , 002.93
VAL  , 296    , PHE  , 341    , 003.75
VAL  , 296    , THR  , 342    , 003.17
SER  , 297    , GLY  , 298    , 003.68
SER  , 297    , ILE  , 299    , 003.75
SER  , 297    , TYR  , 316    , 003.90
SER  , 297    , PHE  , 341    , 003.94
SER  , 297    , THR  , 342    , 003.47
GLY  , 298    , ILE  , 299    , 003.28
GLY  , 298    , HIS  , 300    , 003.59
GLY  , 298    , PHE  , 341    , 003.81
GLY  , 298    , THR  , 342    , 003.73
GLY  , 298    , CYS  , 343    , 003.99
GLY  , 298    , LEU  , 362    , 003.99
ILE  , 299    , HIS  , 300    , 003.05
ILE  , 299    , TRP  , 301    , 003.98
ILE  , 299    , ALA  , 310    , 003.67
ILE  , 299    , GLU  , 311    , 003.31
ILE  , 299    , ALA  , 314    , 003.29
ILE  , 299    , TYR  , 316    , 003.94
ILE  , 299    , LEU  , 362    , 003.63
HIS  , 300    , TRP  , 301    , 002.74
HIS  , 300    , TRP  , 302    , 003.92
HIS  , 300    , TYR  , 303    , 003.96
HIS  , 300    , MET  , 346    , 003.72
HIS  , 300    , GLN  , 351    , 003.76
HIS  , 300    , SER  , 357    , 003.37
HIS  , 300    , GLY  , 358    , 003.03
HIS  , 300    , PRO  , 359    , 003.61
HIS  , 300    , LEU  , 362    , 003.87
TRP  , 301    , TRP  , 302    , 003.51
TRP  , 301    , TYR  , 303    , 003.18
TRP  , 301    , ALA  , 310    , 003.37
TRP  , 301    , ALA  , 355    , 003.99
TRP  , 302    , TYR  , 303    , 002.64
TRP  , 302    , LYS  , 304    , 003.19
TRP  , 302    , VAL  , 305    , 003.92
TRP  , 302    , HIS  , 308    , 003.70
TRP  , 302    , ALA  , 309    , 003.92
TRP  , 302    , ALA  , 310    , 003.98
TRP  , 302    , ASP  , 354    , 003.69
TRP  , 302    , ALA  , 355    , 003.15
TRP  , 302    , LYS  , 356    , 003.96
TYR  , 303    , LYS  , 304    , 002.71
TYR  , 303    , VAL  , 305    , 003.43
TYR  , 303    , HIS  , 308    , 003.58
TYR  , 303    , GLU  , 311    , 003.90
TYR  , 303    , ASN  , 318    , 003.78
TYR  , 303    , LYS  , 356    , 003.31
TYR  , 303    , GLY  , 358    , 003.94
TYR  , 303    , GLU  , 361    , 003.87
TYR  , 303    , LEU  , 362    , 003.80
TYR  , 303    , GLN  , 365    , 003.46
LYS  , 304    , VAL  , 305    , 002.87
LYS  , 304    , ASP  , 348    , 003.97
LYS  , 304    , LYS  , 356    , 002.92
LYS  , 304    , SER  , 357    , 003.81
LYS  , 304    , GLY  , 358    , 003.84
VAL  , 305    , GLU  , 306    , 003.65
VAL  , 305    , ASN  , 307    , 003.24
VAL  , 305    , HIS  , 308    , 003.39
VAL  , 305    , LYS  , 356    , 003.93
GLU  , 306    , ASN  , 307    , 002.87
GLU  , 306    , HIS  , 308    , 003.42
GLU  , 306    , LEU  , 319    , 003.59
GLU  , 306    , ASN  , 320    , 003.78
ASN  , 307    , HIS  , 308    , 002.83
ASN  , 307    , ALA  , 309    , 003.16
ASN  , 307    , LEU  , 312    , 003.43
ASN  , 307    , LEU  , 319    , 003.83
HIS  , 308    , ALA  , 309    , 002.86
HIS  , 308    , ALA  , 310    , 003.47
HIS  , 308    , GLU  , 311    , 003.26
HIS  , 308    , LEU  , 312    , 003.12
HIS  , 308    , ASN  , 318    , 003.11
HIS  , 308    , LEU  , 319    , 003.75
HIS  , 308    , ASN  , 320    , 003.84
ALA  , 309    , ALA  , 310    , 003.02
ALA  , 309    , GLU  , 311    , 003.30
ALA  , 309    , LEU  , 312    , 003.79
ALA  , 309    , THR  , 313    , 003.06
ALA  , 310    , GLU  , 311    , 002.80
ALA  , 310    , LEU  , 312    , 003.41
ALA  , 310    , THR  , 313    , 003.68
ALA  , 310    , ALA  , 314    , 003.25
GLU  , 311    , LEU  , 312    , 002.92
GLU  , 311    , THR  , 313    , 003.33
GLU  , 311    , ALA  , 314    , 003.79
GLU  , 311    , GLY  , 315    , 003.20
GLU  , 311    , TYR  , 316    , 003.86
GLU  , 311    , ASN  , 318    , 003.66
GLU  , 311    , TYR  , 325    , 003.93
GLU  , 311    , LEU  , 362    , 003.89
LEU  , 312    , THR  , 313    , 002.84
LEU  , 312    , ALA  , 314    , 003.19
LEU  , 312    , GLY  , 315    , 003.69
LEU  , 312    , TYR  , 316    , 003.57
LEU  , 312    , TYR  , 317    , 003.91
LEU  , 312    , ASN  , 318    , 003.70
THR  , 313    , ALA  , 314    , 002.70
THR  , 313    , GLY  , 315    , 003.22
ALA  , 314    , GLY  , 315    , 002.72
ALA  , 314    , TYR  , 316    , 003.45
GLY  , 315    , TYR  , 316    , 002.68
GLY  , 315    , TYR  , 317    , 003.65
TYR  , 316    , TYR  , 317    , 003.24
TYR  , 316    , ASN  , 318    , 003.21
TYR  , 316    , TYR  , 325    , 003.76
TYR  , 316    , ILE  , 328    , 003.97
TYR  , 317    , ASN  , 318    , 003.04
TYR  , 317    , LEU  , 319    , 003.94
TYR  , 317    , ARG  , 322    , 003.86
TYR  , 317    , GLY  , 324    , 003.82
ASN  , 318    , LEU  , 319    , 003.36
ASN  , 318    , ARG  , 322    , 003.49
ASN  , 318    , ASP  , 323    , 003.47
ASN  , 318    , GLY  , 324    , 003.84
ASN  , 318    , TYR  , 325    , 003.68
ASN  , 318    , GLN  , 365    , 003.94
LEU  , 319    , ASN  , 320    , 003.61
LEU  , 319    , ASP  , 321    , 003.13
LEU  , 319    , ARG  , 322    , 002.92
ASN  , 320    , ASP  , 321    , 002.77
ASN  , 320    , ARG  , 322    , 003.54
ASP  , 321    , ARG  , 322    , 002.71
ASP  , 321    , PRO  , 479    , 003.84
ARG  , 322    , ASP  , 323    , 003.32
ARG  , 322    , GLY  , 324    , 003.70
ARG  , 322    , THR  , 477    , 003.66
ASP  , 323    , GLY  , 324    , 003.40
ASP  , 323    , TYR  , 325    , 003.43
ASP  , 323    , ARG  , 326    , 003.67
ASP  , 323    , PRO  , 327    , 003.65
ASP  , 323    , GLN  , 365    , 003.31
ASP  , 323    , ALA  , 476    , 003.83
ASP  , 323    , THR  , 477    , 003.93
GLY  , 324    , TYR  , 325    , 002.77
GLY  , 324    , ARG  , 326    , 003.82
GLY  , 324    , PRO  , 327    , 003.84
GLY  , 324    , ILE  , 328    , 003.85
TYR  , 325    , ARG  , 326    , 002.78
TYR  , 325    , PRO  , 327    , 003.81
TYR  , 325    , ILE  , 328    , 003.82
TYR  , 325    , ALA  , 329    , 003.22
TYR  , 325    , LEU  , 362    , 003.67
TYR  , 325    , GLN  , 365    , 003.77
TYR  , 325    , VAL  , 366    , 003.80
ARG  , 326    , PRO  , 327    , 002.95
ARG  , 326    , ILE  , 328    , 003.26
ARG  , 326    , ALA  , 329    , 003.87
ARG  , 326    , ARG  , 330    , 003.05
ARG  , 326    , GLY  , 369    , 003.87
ARG  , 326    , ARG  , 372    , 003.91
ARG  , 326    , GLU  , 373    , 003.54
ARG  , 326    , ALA  , 476    , 003.79
ARG  , 326    , LYS  , 478    , 003.97
ARG  , 326    , THR  , 480    , 003.97
PRO  , 327    , ILE  , 328    , 002.88
PRO  , 327    , ALA  , 329    , 003.43
PRO  , 327    , ARG  , 330    , 003.89
PRO  , 327    , MET  , 331    , 003.10
PRO  , 327    , LEU  , 473    , 003.90
PRO  , 327    , ALA  , 476    , 003.78
PRO  , 327    , THR  , 477    , 003.55
ILE  , 328    , ALA  , 329    , 002.81
ILE  , 328    , ARG  , 330    , 003.36
ILE  , 328    , MET  , 331    , 003.91
ILE  , 328    , LEU  , 332    , 003.07
ALA  , 329    , ARG  , 330    , 002.84
ALA  , 329    , MET  , 331    , 003.45
ALA  , 329    , LEU  , 332    , 003.86
ALA  , 329    , SER  , 333    , 003.09
ALA  , 329    , GLY  , 370    , 003.96
ALA  , 329    , ILE  , 375    , 003.77
ARG  , 330    , MET  , 331    , 003.00
ARG  , 330    , LEU  , 332    , 003.29
ARG  , 330    , SER  , 333    , 003.80
ARG  , 330    , GLU  , 373    , 003.92
ARG  , 330    , ILE  , 468    , 003.61
ARG  , 330    , VAL  , 472    , 003.34
ARG  , 330    , LEU  , 473    , 003.93
ARG  , 330    , GLU  , 475    , 003.80
ARG  , 330    , ALA  , 476    , 003.75
MET  , 331    , LEU  , 332    , 002.84
MET  , 331    , SER  , 333    , 003.29
MET  , 331    , ARG  , 334    , 003.42
MET  , 331    , HIS  , 335    , 003.44
MET  , 331    , LEU  , 473    , 003.65
LEU  , 332    , SER  , 333    , 002.81
LEU  , 332    , ARG  , 334    , 003.36
LEU  , 332    , HIS  , 335    , 003.94
LEU  , 332    , HIS  , 336    , 003.22
LEU  , 332    , ALA  , 337    , 003.14
LEU  , 332    , LEU  , 339    , 003.92
LEU  , 332    , ILE  , 375    , 003.72
SER  , 333    , ARG  , 334    , 003.02
SER  , 333    , HIS  , 335    , 003.26
SER  , 333    , HIS  , 336    , 003.81
SER  , 333    , ILE  , 375    , 003.92
ARG  , 334    , HIS  , 335    , 002.81
ARG  , 334    , HIS  , 336    , 003.30
ARG  , 334    , SER  , 464    , 003.32
ARG  , 334    , ALA  , 465    , 003.86
ARG  , 334    , PRO  , 466    , 003.86
ARG  , 334    , LYS  , 467    , 003.51
ARG  , 334    , ILE  , 468    , 003.98
HIS  , 335    , HIS  , 336    , 002.64
HIS  , 335    , ALA  , 337    , 003.19
HIS  , 335    , SER  , 464    , 003.68
HIS  , 336    , ALA  , 337    , 002.78
HIS  , 336    , ARG  , 376    , 003.74
HIS  , 336    , LYS  , 462    , 003.99
HIS  , 336    , PRO  , 463    , 003.21
HIS  , 336    , ALA  , 465    , 003.99
ALA  , 337    , ILE  , 338    , 003.56
ALA  , 337    , ILE  , 375    , 003.83
ILE  , 338    , LEU  , 339    , 003.52
ILE  , 338    , ASN  , 340    , 003.86
ILE  , 338    , ARG  , 376    , 003.28
ILE  , 338    , ALA  , 378    , 003.87
ILE  , 338    , PHE  , 414    , 003.60
LEU  , 339    , ASN  , 340    , 003.38
LEU  , 339    , PHE  , 341    , 003.72
LEU  , 339    , VAL  , 366    , 003.95
LEU  , 339    , ILE  , 375    , 003.87
LEU  , 339    , ARG  , 376    , 003.04
LEU  , 339    , VAL  , 377    , 003.53
LEU  , 339    , ALA  , 378    , 003.91
ASN  , 340    , PHE  , 341    , 003.28
ASN  , 340    , THR  , 342    , 003.83
ASN  , 340    , ALA  , 378    , 003.91
ASN  , 340    , GLY  , 379    , 003.40
ASN  , 340    , GLU  , 380    , 003.81
PHE  , 341    , THR  , 342    , 003.38
PHE  , 341    , CYS  , 343    , 003.24
PHE  , 341    , LEU  , 362    , 003.90
PHE  , 341    , VAL  , 363    , 003.65
PHE  , 341    , VAL  , 366    , 003.87
PHE  , 341    , ALA  , 378    , 003.86
PHE  , 341    , GLY  , 379    , 003.76
PHE  , 341    , GLU  , 380    , 003.97
THR  , 342    , CYS  , 343    , 002.90
THR  , 342    , GLU  , 380    , 003.35
THR  , 342    , ASN  , 381    , 003.93
THR  , 342    , ALA  , 382    , 003.71
CYS  , 343    , LEU  , 344    , 003.40
CYS  , 343    , VAL  , 363    , 003.56
CYS  , 343    , GLU  , 380    , 003.13
CYS  , 343    , ALA  , 382    , 003.87
LEU  , 344    , GLU  , 345    , 002.78
LEU  , 344    , MET  , 346    , 003.78
LEU  , 344    , GLY  , 379    , 003.79
LEU  , 344    , GLU  , 380    , 003.09
LEU  , 344    , GLN  , 393    , 003.90
LEU  , 344    , ILE  , 394    , 003.93
LEU  , 344    , ASN  , 397    , 003.79
LEU  , 344    , MET  , 413    , 003.69
LEU  , 344    , VAL  , 416    , 003.90
GLU  , 345    , MET  , 346    , 002.83
GLU  , 345    , ARG  , 347    , 003.80
GLU  , 345    , ASN  , 381    , 003.88
GLU  , 345    , ALA  , 382    , 003.50
GLU  , 345    , LEU  , 383    , 003.17
GLU  , 345    , GLN  , 393    , 003.74
GLU  , 345    , ILE  , 394    , 003.91
MET  , 346    , ARG  , 347    , 003.57
MET  , 346    , GLU  , 350    , 003.73
MET  , 346    , GLN  , 351    , 003.98
MET  , 346    , PRO  , 359    , 003.82
MET  , 346    , GLN  , 360    , 003.63
MET  , 346    , ALA  , 382    , 003.83
MET  , 346    , GLN  , 393    , 003.89
ARG  , 347    , ASP  , 348    , 003.53
ARG  , 347    , SER  , 349    , 003.28
ARG  , 347    , GLU  , 350    , 003.88
ARG  , 347    , GLN  , 351    , 003.88
ARG  , 347    , PRO  , 359    , 003.68
ARG  , 347    , GLN  , 360    , 003.91
ARG  , 347    , GLN  , 393    , 003.81
ARG  , 347    , PRO  , 487    , 004.00
ASP  , 348    , SER  , 349    , 002.82
ASP  , 348    , GLU  , 350    , 003.07
ASP  , 348    , GLN  , 351    , 003.69
ASP  , 348    , GLY  , 358    , 003.96
ASP  , 348    , PRO  , 359    , 003.67
ASP  , 348    , GLN  , 360    , 003.78
ASP  , 348    , GLU  , 361    , 003.26
SER  , 349    , GLU  , 350    , 002.78
SER  , 349    , GLN  , 351    , 003.25
GLU  , 350    , GLN  , 351    , 002.75
GLU  , 350    , PRO  , 352    , 003.95
GLU  , 350    , ARG  , 385    , 003.18
GLN  , 351    , PRO  , 352    , 003.69
GLN  , 351    , SER  , 353    , 003.74
GLN  , 351    , SER  , 357    , 003.79
PRO  , 352    , SER  , 353    , 003.46
PRO  , 352    , ASP  , 354    , 003.83
PRO  , 352    , ALA  , 355    , 003.86
SER  , 353    , ASP  , 354    , 002.83
SER  , 353    , ALA  , 355    , 003.11
SER  , 353    , LYS  , 356    , 003.88
ASP  , 354    , ALA  , 355    , 002.69
ASP  , 354    , LYS  , 356    , 003.39
ALA  , 355    , LYS  , 356    , 002.77
ALA  , 355    , SER  , 357    , 003.21
LYS  , 356    , SER  , 357    , 002.73
LYS  , 356    , GLY  , 358    , 003.80
SER  , 357    , GLY  , 358    , 003.52
SER  , 357    , PRO  , 359    , 003.87
GLY  , 358    , PRO  , 359    , 003.06
GLY  , 358    , GLN  , 360    , 003.42
GLY  , 358    , GLU  , 361    , 003.53
GLY  , 358    , LEU  , 362    , 002.91
PRO  , 359    , GLN  , 360    , 002.98
PRO  , 359    , GLU  , 361    , 003.36
PRO  , 359    , LEU  , 362    , 003.83
PRO  , 359    , VAL  , 363    , 003.06
GLN  , 360    , GLU  , 361    , 002.89
GLN  , 360    , LEU  , 362    , 003.37
GLN  , 360    , VAL  , 363    , 003.67
GLN  , 360    , GLN  , 364    , 003.28
GLN  , 360    , GLN  , 393    , 003.82
GLU  , 361    , LEU  , 362    , 002.76
GLU  , 361    , VAL  , 363    , 003.36
GLU  , 361    , GLN  , 364    , 003.85
GLU  , 361    , GLN  , 365    , 003.06
LEU  , 362    , VAL  , 363    , 002.84
LEU  , 362    , GLN  , 364    , 003.41
LEU  , 362    , GLN  , 365    , 003.79
LEU  , 362    , VAL  , 366    , 002.90
VAL  , 363    , GLN  , 364    , 002.92
VAL  , 363    , GLN  , 365    , 003.18
VAL  , 363    , VAL  , 366    , 003.83
VAL  , 363    , LEU  , 367    , 002.89
VAL  , 363    , ASN  , 397    , 003.52
GLN  , 364    , GLN  , 365    , 002.77
GLN  , 364    , VAL  , 366    , 003.59
GLN  , 364    , SER  , 368    , 003.88
GLN  , 364    , PRO  , 482    , 003.68
GLN  , 364    , TRP  , 485    , 003.91
GLN  , 365    , VAL  , 366    , 002.94
GLN  , 365    , LEU  , 367    , 003.53
GLN  , 365    , SER  , 368    , 003.68
GLN  , 365    , GLY  , 369    , 003.14
VAL  , 366    , LEU  , 367    , 002.95
VAL  , 366    , SER  , 368    , 003.36
VAL  , 366    , GLY  , 369    , 003.91
VAL  , 366    , GLY  , 370    , 003.20
LEU  , 367    , SER  , 368    , 002.81
LEU  , 367    , GLY  , 369    , 003.27
LEU  , 367    , GLY  , 370    , 003.95
LEU  , 367    , TRP  , 371    , 003.70
LEU  , 367    , VAL  , 377    , 003.27
LEU  , 367    , ASN  , 397    , 003.96
SER  , 368    , GLY  , 369    , 002.81
SER  , 368    , GLY  , 370    , 003.44
SER  , 368    , TRP  , 371    , 003.59
SER  , 368    , ARG  , 372    , 002.90
SER  , 368    , PRO  , 482    , 003.84
SER  , 368    , PHE  , 483    , 003.88
SER  , 368    , TRP  , 485    , 003.63
GLY  , 369    , GLY  , 370    , 002.91
GLY  , 369    , TRP  , 371    , 003.58
GLY  , 369    , ARG  , 372    , 003.86
GLY  , 369    , GLU  , 373    , 002.99
GLY  , 370    , TRP  , 371    , 003.01
GLY  , 370    , ARG  , 372    , 003.16
GLY  , 370    , GLU  , 373    , 003.76
GLY  , 370    , ASP  , 374    , 002.91
GLY  , 370    , ILE  , 375    , 003.67
TRP  , 371    , ARG  , 372    , 002.84
TRP  , 371    , GLU  , 373    , 003.39
TRP  , 371    , ASP  , 374    , 003.61
TRP  , 371    , ILE  , 375    , 003.96
TRP  , 371    , PRO  , 400    , 003.87
TRP  , 371    , LEU  , 411    , 003.74
TRP  , 371    , SER  , 412    , 003.39
TRP  , 371    , TRP  , 485    , 003.78
ARG  , 372    , GLU  , 373    , 002.81
ARG  , 372    , ASP  , 374    , 003.16
ARG  , 372    , THR  , 480    , 003.86
GLU  , 373    , ASP  , 374    , 002.67
GLU  , 373    , ILE  , 375    , 003.48
ASP  , 374    , ILE  , 375    , 002.91
ILE  , 375    , ARG  , 376    , 003.61
ILE  , 375    , VAL  , 377    , 003.97
ARG  , 376    , VAL  , 377    , 003.42
ARG  , 376    , PHE  , 414    , 003.71
VAL  , 377    , ALA  , 378    , 003.54
VAL  , 377    , MET  , 413    , 003.40
VAL  , 377    , PHE  , 414    , 002.90
ALA  , 378    , GLY  , 379    , 003.62
ALA  , 378    , MET  , 413    , 003.88
ALA  , 378    , GLY  , 415    , 003.36
GLY  , 379    , GLU  , 380    , 003.70
GLY  , 379    , MET  , 413    , 003.60
GLY  , 379    , GLY  , 415    , 003.33
GLY  , 379    , VAL  , 416    , 003.36
GLY  , 379    , THR  , 417    , 003.03
GLU  , 380    , ASN  , 381    , 003.60
GLU  , 380    , ALA  , 382    , 003.97
GLU  , 380    , THR  , 417    , 003.32
ASN  , 381    , ALA  , 382    , 003.47
ASN  , 381    , LEU  , 383    , 003.59
ASN  , 381    , THR  , 417    , 003.87
ASN  , 381    , TYR  , 418    , 003.32
ASN  , 381    , LEU  , 419    , 003.87
ALA  , 382    , LEU  , 383    , 002.80
ALA  , 382    , LEU  , 419    , 003.94
LEU  , 383    , PRO  , 384    , 003.56
LEU  , 383    , ARG  , 385    , 003.71
PRO  , 384    , ARG  , 385    , 003.42
PRO  , 384    , LEU  , 419    , 003.74
ARG  , 385    , TYR  , 386    , 003.59
ARG  , 385    , ASP  , 387    , 003.69
ARG  , 385    , THR  , 389    , 003.62
ARG  , 385    , ALA  , 390    , 003.56
ARG  , 385    , TYR  , 391    , 003.95
ARG  , 385    , TYR  , 418    , 003.71
TYR  , 386    , ASP  , 387    , 002.67
TYR  , 386    , TYR  , 391    , 003.85
TYR  , 386    , TYR  , 418    , 003.51
TYR  , 386    , SER  , 422    , 003.36
TYR  , 386    , ASP  , 424    , 003.76
TYR  , 386    , LEU  , 425    , 003.81
TYR  , 386    , ASN  , 430    , 003.88
TYR  , 386    , ILE  , 433    , 003.76
ASP  , 387    , ALA  , 388    , 003.65
ASP  , 387    , THR  , 389    , 003.26
ASP  , 387    , ALA  , 390    , 003.48
ASP  , 387    , TYR  , 391    , 003.86
ALA  , 388    , THR  , 389    , 002.82
ALA  , 388    , ALA  , 390    , 003.35
ALA  , 388    , TYR  , 391    , 003.71
ALA  , 388    , ASN  , 392    , 003.87
ALA  , 388    , VAL  , 493    , 003.75
ALA  , 388    , GLY  , 495    , 003.68
THR  , 389    , ALA  , 390    , 002.73
THR  , 389    , TYR  , 391    , 003.36
THR  , 389    , ASN  , 392    , 003.85
THR  , 389    , GLN  , 393    , 003.19
ALA  , 390    , TYR  , 391    , 002.83
ALA  , 390    , ASN  , 392    , 003.23
ALA  , 390    , GLN  , 393    , 003.67
ALA  , 390    , ILE  , 394    , 003.11
TYR  , 391    , ASN  , 392    , 002.84
TYR  , 391    , GLN  , 393    , 003.22
TYR  , 391    , ILE  , 394    , 003.88
TYR  , 391    , ILE  , 395    , 003.17
TYR  , 391    , TYR  , 418    , 003.95
TYR  , 391    , PHE  , 434    , 003.93
TYR  , 391    , PHE  , 437    , 003.97
ASN  , 392    , GLN  , 393    , 002.72
ASN  , 392    , ILE  , 394    , 003.45
ASN  , 392    , ILE  , 395    , 003.95
ASN  , 392    , LEU  , 396    , 003.28
ASN  , 392    , THR  , 489    , 003.29
ASN  , 392    , LYS  , 492    , 003.87
ASN  , 392    , VAL  , 493    , 003.78
GLN  , 393    , ILE  , 394    , 002.81
GLN  , 393    , ILE  , 395    , 003.35
GLN  , 393    , LEU  , 396    , 003.86
GLN  , 393    , ASN  , 397    , 003.16
ILE  , 394    , ILE  , 395    , 002.82
ILE  , 394    , LEU  , 396    , 003.34
ILE  , 394    , ASN  , 397    , 003.91
ILE  , 394    , ALA  , 398    , 002.93
ILE  , 394    , VAL  , 416    , 003.69
ILE  , 394    , PHE  , 437    , 003.99
ILE  , 395    , LEU  , 396    , 002.87
ILE  , 395    , ASN  , 397    , 003.36
ILE  , 395    , ALA  , 398    , 003.74
ILE  , 395    , LYS  , 399    , 003.24
ILE  , 395    , PHE  , 437    , 003.84
ILE  , 395    , LYS  , 440    , 003.62
ILE  , 395    , MET  , 441    , 003.64
ILE  , 395    , THR  , 489    , 003.98
ILE  , 395    , MET  , 491    , 003.55
ILE  , 395    , VAL  , 493    , 003.71
LEU  , 396    , ASN  , 397    , 002.81
LEU  , 396    , ALA  , 398    , 003.26
LEU  , 396    , LYS  , 399    , 003.92
LEU  , 396    , PRO  , 400    , 003.08
LEU  , 396    , LEU  , 486    , 003.96
LEU  , 396    , GLU  , 488    , 003.71
LEU  , 396    , THR  , 489    , 003.68
ASN  , 397    , ALA  , 398    , 002.77
ASN  , 397    , LYS  , 399    , 003.26
ASN  , 397    , PRO  , 400    , 003.35
ASN  , 397    , MET  , 413    , 003.82
ASN  , 397    , TRP  , 485    , 003.88
ALA  , 398    , LYS  , 399    , 002.74
ALA  , 398    , PRO  , 400    , 003.99
ALA  , 398    , SER  , 412    , 003.29
ALA  , 398    , MET  , 413    , 003.94
ALA  , 398    , MET  , 441    , 003.85
LYS  , 399    , PRO  , 400    , 003.15
LYS  , 399    , GLN  , 401    , 003.27
LYS  , 399    , GLY  , 402    , 003.94
LYS  , 399    , VAL  , 403    , 003.82
LYS  , 399    , LEU  , 411    , 003.95
LYS  , 399    , LYS  , 440    , 003.36
LYS  , 399    , MET  , 441    , 004.00
PRO  , 400    , GLN  , 401    , 002.87
PRO  , 400    , GLY  , 402    , 003.51
PRO  , 400    , LEU  , 411    , 003.68
PRO  , 400    , TRP  , 485    , 003.69
PRO  , 400    , LEU  , 486    , 002.87
GLN  , 401    , GLY  , 402    , 002.84
GLN  , 401    , LYS  , 410    , 003.69
GLN  , 401    , LEU  , 411    , 003.76
GLN  , 401    , PRO  , 484    , 003.37
GLN  , 401    , LEU  , 486    , 003.61
GLY  , 402    , VAL  , 403    , 003.69
GLY  , 402    , ASN  , 404    , 003.86
GLY  , 402    , PRO  , 409    , 003.75
GLY  , 402    , LEU  , 486    , 003.29
GLY  , 402    , ASP  , 490    , 003.68
VAL  , 403    , ASN  , 404    , 003.50
VAL  , 403    , ASN  , 405    , 003.76
VAL  , 403    , ASP  , 490    , 003.75
VAL  , 403    , MET  , 491    , 003.99
ASN  , 404    , ASN  , 405    , 003.22
ASN  , 404    , ASN  , 406    , 003.07
ASN  , 404    , GLY  , 407    , 003.94
ASN  , 404    , PRO  , 408    , 003.93
ASN  , 404    , PRO  , 409    , 003.94
ASN  , 405    , ASN  , 406    , 002.66
ASN  , 405    , GLY  , 407    , 003.56
ASN  , 406    , GLY  , 407    , 002.86
GLY  , 407    , PRO  , 408    , 003.62
GLY  , 407    , PRO  , 409    , 003.89
PRO  , 408    , PRO  , 409    , 003.68
PRO  , 408    , LYS  , 410    , 003.85
PRO  , 409    , LYS  , 410    , 003.72
PRO  , 409    , LEU  , 411    , 003.11
PRO  , 409    , SER  , 412    , 003.50
LYS  , 410    , LEU  , 411    , 002.65
LYS  , 410    , PHE  , 483    , 003.82
LEU  , 411    , SER  , 412    , 003.47
LEU  , 411    , PHE  , 483    , 003.64
SER  , 412    , MET  , 413    , 003.62
SER  , 412    , PHE  , 414    , 003.98
MET  , 413    , PHE  , 414    , 003.54
MET  , 413    , GLY  , 415    , 003.36
PHE  , 414    , GLY  , 415    , 002.74
PHE  , 414    , HIS  , 456    , 003.80
GLY  , 415    , VAL  , 416    , 003.62
VAL  , 416    , THR  , 417    , 003.45
VAL  , 416    , TYR  , 418    , 003.98
VAL  , 416    , MET  , 441    , 003.58
THR  , 417    , TYR  , 418    , 003.35
THR  , 417    , LEU  , 419    , 003.98
TYR  , 418    , LEU  , 419    , 003.52
TYR  , 418    , ARG  , 420    , 003.55
TYR  , 418    , LEU  , 425    , 003.96
TYR  , 418    , PHE  , 434    , 003.82
LEU  , 419    , ARG  , 420    , 003.16
ARG  , 420    , LEU  , 421    , 003.51
ARG  , 420    , SER  , 422    , 003.65
ARG  , 420    , LEU  , 425    , 003.48
LEU  , 421    , SER  , 422    , 003.30
LEU  , 421    , LEU  , 426    , 003.69
SER  , 422    , ASP  , 423    , 003.64
SER  , 422    , ASP  , 424    , 003.13
SER  , 422    , LEU  , 425    , 003.84
SER  , 422    , LEU  , 426    , 003.39
ASP  , 423    , ASP  , 424    , 002.72
ASP  , 423    , LEU  , 425    , 003.34
ASP  , 423    , LEU  , 426    , 003.83
ASP  , 423    , GLN  , 427    , 003.02
ASP  , 424    , LEU  , 425    , 002.78
ASP  , 424    , LEU  , 426    , 003.22
ASP  , 424    , GLN  , 427    , 003.64
ASP  , 424    , ASN  , 430    , 003.83
LEU  , 425    , LEU  , 426    , 002.67
LEU  , 425    , GLN  , 427    , 003.23
LEU  , 425    , ASN  , 430    , 003.63
LEU  , 425    , PHE  , 431    , 003.08
LEU  , 425    , PHE  , 434    , 003.94
LEU  , 426    , GLN  , 427    , 002.78
LEU  , 426    , LYS  , 428    , 003.90
LEU  , 426    , PHE  , 431    , 003.97
GLN  , 427    , LYS  , 428    , 003.58
GLN  , 427    , SER  , 429    , 003.39
GLN  , 427    , ASN  , 430    , 003.27
GLN  , 427    , PHE  , 431    , 002.85
LYS  , 428    , SER  , 429    , 002.97
LYS  , 428    , ASN  , 430    , 003.34
LYS  , 428    , PHE  , 431    , 003.97
LYS  , 428    , ASN  , 432    , 003.20
SER  , 429    , ASN  , 430    , 002.71
SER  , 429    , PHE  , 431    , 003.42
SER  , 429    , ASN  , 432    , 003.94
SER  , 429    , ILE  , 433    , 003.47
ASN  , 430    , PHE  , 431    , 002.87
ASN  , 430    , ASN  , 432    , 003.28
ASN  , 430    , ILE  , 433    , 003.80
ASN  , 430    , PHE  , 434    , 002.99
PHE  , 431    , ASN  , 432    , 002.82
PHE  , 431    , ILE  , 433    , 003.26
PHE  , 431    , PHE  , 434    , 003.77
PHE  , 431    , LYS  , 435    , 002.94
ASN  , 432    , ILE  , 433    , 002.81
ASN  , 432    , PHE  , 434    , 003.47
ASN  , 432    , LYS  , 435    , 003.87
ASN  , 432    , LYS  , 436    , 003.51
ILE  , 433    , PHE  , 434    , 002.78
ILE  , 433    , LYS  , 435    , 003.20
ILE  , 433    , LYS  , 436    , 003.75
ILE  , 433    , PHE  , 437    , 003.11
ILE  , 433    , VAL  , 493    , 003.81
PHE  , 434    , LYS  , 435    , 002.81
PHE  , 434    , LYS  , 436    , 003.18
PHE  , 434    , PHE  , 437    , 003.76
PHE  , 434    , VAL  , 438    , 002.92
LYS  , 435    , LYS  , 436    , 002.80
LYS  , 435    , PHE  , 437    , 003.37
LYS  , 435    , VAL  , 438    , 003.76
LYS  , 435    , LEU  , 439    , 003.03
LYS  , 436    , PHE  , 437    , 002.79
LYS  , 436    , VAL  , 438    , 003.24
LYS  , 436    , LEU  , 439    , 003.67
LYS  , 436    , LYS  , 440    , 003.05
LYS  , 436    , VAL  , 493    , 003.84
PHE  , 437    , VAL  , 438    , 002.77
PHE  , 437    , LEU  , 439    , 003.30
PHE  , 437    , LYS  , 440    , 003.96
PHE  , 437    , MET  , 441    , 003.06
PHE  , 437    , VAL  , 493    , 003.55
VAL  , 438    , LEU  , 439    , 002.82
VAL  , 438    , LYS  , 440    , 003.35
VAL  , 438    , MET  , 441    , 003.87
VAL  , 438    , HIS  , 442    , 003.08
LEU  , 439    , LYS  , 440    , 002.90
LEU  , 439    , MET  , 441    , 003.29
LEU  , 439    , HIS  , 442    , 003.66
LEU  , 439    , ALA  , 443    , 003.12
LEU  , 439    , ASP  , 444    , 003.90
LYS  , 440    , MET  , 441    , 002.79
LYS  , 440    , HIS  , 442    , 003.14
LYS  , 440    , ALA  , 443    , 003.47
LYS  , 440    , ASP  , 444    , 003.43
LYS  , 440    , MET  , 491    , 003.55
LYS  , 440    , LYS  , 492    , 003.90
MET  , 441    , HIS  , 442    , 002.67
MET  , 441    , ALA  , 443    , 003.08
HIS  , 442    , ALA  , 443    , 002.65
HIS  , 442    , ASP  , 444    , 003.25
HIS  , 442    , GLN  , 445    , 003.87
ALA  , 443    , ASP  , 444    , 002.75
ALA  , 443    , GLN  , 445    , 003.34
ASP  , 444    , GLN  , 445    , 002.86
ASP  , 444    , MET  , 491    , 003.78
GLN  , 445    , ASP  , 446    , 003.54
GLN  , 445    , TYR  , 447    , 003.77
ASP  , 446    , TYR  , 447    , 003.62
ASP  , 446    , CYS  , 448    , 003.87
TYR  , 447    , CYS  , 448    , 003.49
TYR  , 447    , ALA  , 449    , 003.94
CYS  , 448    , ALA  , 449    , 003.20
CYS  , 448    , ASN  , 450    , 003.28
CYS  , 448    , LYS  , 453    , 003.99
CYS  , 448    , TYR  , 454    , 003.67
ALA  , 449    , ASN  , 450    , 002.88
ALA  , 449    , PRO  , 451    , 003.97
ASN  , 450    , PRO  , 451    , 003.40
ASN  , 450    , GLN  , 452    , 003.20
ASN  , 450    , LYS  , 453    , 003.97
PRO  , 451    , GLN  , 452    , 002.78
PRO  , 451    , LYS  , 453    , 003.16
PRO  , 451    , TYR  , 454    , 003.66
PRO  , 451    , ASN  , 455    , 003.23
PRO  , 451    , HIS  , 456    , 003.94
GLN  , 452    , LYS  , 453    , 002.74
GLN  , 452    , TYR  , 454    , 003.15
GLN  , 452    , ASN  , 455    , 003.68
LYS  , 453    , TYR  , 454    , 002.76
LYS  , 453    , ASN  , 455    , 003.47
TYR  , 454    , ASN  , 455    , 002.85
TYR  , 454    , HIS  , 456    , 003.26
ASN  , 455    , HIS  , 456    , 002.81
ASN  , 455    , ALA  , 457    , 003.57
HIS  , 456    , ALA  , 457    , 002.83
HIS  , 456    , ILE  , 458    , 003.94
ALA  , 457    , ILE  , 458    , 003.58
ALA  , 457    , THR  , 459    , 003.93
ILE  , 458    , THR  , 459    , 003.32
THR  , 459    , PRO  , 460    , 003.60
THR  , 459    , LEU  , 461    , 003.75
PRO  , 460    , LEU  , 461    , 003.43
PRO  , 460    , LYS  , 462    , 003.64
LEU  , 461    , LYS  , 462    , 003.35
LEU  , 461    , PRO  , 463    , 003.99
LYS  , 462    , PRO  , 463    , 003.59
LYS  , 462    , SER  , 464    , 003.69
PRO  , 463    , SER  , 464    , 003.57
PRO  , 463    , ALA  , 465    , 003.89
SER  , 464    , ALA  , 465    , 003.54
SER  , 464    , PRO  , 466    , 003.93
ALA  , 465    , PRO  , 466    , 003.72
ALA  , 465    , LYS  , 467    , 003.76
PRO  , 466    , LYS  , 467    , 003.69
PRO  , 466    , ILE  , 468    , 003.78
LYS  , 467    , ILE  , 468    , 003.50
LYS  , 467    , PRO  , 469    , 003.89
ILE  , 468    , PRO  , 469    , 003.43
ILE  , 468    , ILE  , 470    , 003.67
ILE  , 468    , VAL  , 472    , 003.70
ILE  , 468    , LEU  , 473    , 003.84
PRO  , 469    , ILE  , 470    , 003.67
PRO  , 469    , GLU  , 471    , 003.13
PRO  , 469    , VAL  , 472    , 003.88
PRO  , 469    , LEU  , 473    , 003.25
ILE  , 470    , GLU  , 471    , 002.85
ILE  , 470    , VAL  , 472    , 003.30
ILE  , 470    , LEU  , 473    , 003.71
ILE  , 470    , LEU  , 474    , 002.98
GLU  , 471    , VAL  , 472    , 002.77
GLU  , 471    , LEU  , 473    , 003.32
GLU  , 471    , LEU  , 474    , 003.93
GLU  , 471    , GLU  , 475    , 003.56
VAL  , 472    , LEU  , 473    , 002.68
VAL  , 472    , LEU  , 474    , 003.42
VAL  , 472    , GLU  , 475    , 003.95
LEU  , 473    , LEU  , 474    , 002.79
LEU  , 473    , GLU  , 475    , 003.17
LEU  , 473    , ALA  , 476    , 003.94
LEU  , 474    , GLU  , 475    , 002.84
LEU  , 474    , ALA  , 476    , 003.11
LEU  , 474    , THR  , 477    , 003.92
GLU  , 475    , ALA  , 476    , 002.67
GLU  , 475    , THR  , 477    , 003.08
GLU  , 475    , LYS  , 478    , 003.32
ALA  , 476    , THR  , 477    , 002.70
ALA  , 476    , LYS  , 478    , 003.21
THR  , 477    , LYS  , 478    , 002.70
THR  , 477    , PRO  , 479    , 003.72
LYS  , 478    , PRO  , 479    , 003.49
LYS  , 478    , THR  , 480    , 003.96
PRO  , 479    , THR  , 480    , 003.50
THR  , 480    , LEU  , 481    , 003.61
THR  , 480    , PRO  , 482    , 003.96
LEU  , 481    , PRO  , 482    , 003.55
LEU  , 481    , PHE  , 483    , 003.86
PRO  , 482    , PHE  , 483    , 003.67
PRO  , 482    , PRO  , 484    , 003.99
PHE  , 483    , PRO  , 484    , 003.56
PHE  , 483    , TRP  , 485    , 003.98
PRO  , 484    , TRP  , 485    , 003.53
TRP  , 485    , LEU  , 486    , 003.54
TRP  , 485    , PRO  , 487    , 003.94
LEU  , 486    , PRO  , 487    , 003.51
LEU  , 486    , GLU  , 488    , 003.10
PRO  , 487    , GLU  , 488    , 002.69
GLU  , 488    , THR  , 489    , 003.54
GLU  , 488    , ASP  , 490    , 003.98
THR  , 489    , ASP  , 490    , 003.50
THR  , 489    , MET  , 491    , 003.20
THR  , 489    , LYS  , 492    , 003.98
ASP  , 490    , MET  , 491    , 002.76
ASP  , 490    , LYS  , 492    , 003.83
MET  , 491    , LYS  , 492    , 002.99
MET  , 491    , VAL  , 493    , 003.71
LYS  , 492    , VAL  , 493    , 003.54
LYS  , 492    , ASP  , 494    , 003.96
VAL  , 493    , ASP  , 494    , 002.68
ASP  , 494    , GLY  , 495    , 003.17
